kepoi_name,kepler_name,koi_disposition,koi_disposition_pred
K03593.01,,FALSE POSITIVE,FALSE POSITIVE
K03637.01,,FALSE POSITIVE,FALSE POSITIVE
K01398.01,Kepler-1748 b,CONFIRMED,CONFIRMED
K04421.02,,CANDIDATE,CANDIDATE
K05365.01,,CANDIDATE,CANDIDATE
K08281.01,,FALSE POSITIVE,CANDIDATE
K07903.01,,CANDIDATE,CANDIDATE
K02681.01,Kepler-397 c,CONFIRMED,CANDIDATE
K00045.01,,FALSE POSITIVE,FALSE POSITIVE
K00231.01,,FALSE POSITIVE,FALSE POSITIVE
K08237.01,,FALSE POSITIVE,FALSE POSITIVE
K01810.01,,FALSE POSITIVE,FALSE POSITIVE
K00119.01,Kepler-108 b,CONFIRMED,CONFIRMED
K04310.01,Kepler-1950 b,CONFIRMED,CONFIRMED
K01554.01,,FALSE POSITIVE,FALSE POSITIVE
K07670.01,,CANDIDATE,CANDIDATE
K00333.01,Kepler-527 b,CONFIRMED,CONFIRMED
K03816.01,,FALSE POSITIVE,FALSE POSITIVE
K00094.04,Kepler-89 b,CONFIRMED,CONFIRMED
K07078.01,,FALSE POSITIVE,FALSE POSITIVE
K07430.01,,CANDIDATE,FALSE POSITIVE
K06023.01,,FALSE POSITIVE,FALSE POSITIVE
K07323.01,,FALSE POSITIVE,FALSE POSITIVE
K04538.01,,FALSE POSITIVE,FALSE POSITIVE
K04061.01,,FALSE POSITIVE,FALSE POSITIVE
K00399.01,,FALSE POSITIVE,FALSE POSITIVE
K08165.01,,FALSE POSITIVE,FALSE POSITIVE
K00983.02,,FALSE POSITIVE,FALSE POSITIVE
K03225.01,,CANDIDATE,CANDIDATE
K05898.01,,CANDIDATE,CANDIDATE
K07395.01,,FALSE POSITIVE,FALSE POSITIVE
K00709.01,Kepler-651 b,CONFIRMED,CONFIRMED
K02066.01,Kepler-1678 b,CONFIRMED,CONFIRMED
K02743.01,Kepler-1332 b,CONFIRMED,CONFIRMED
K06577.01,,FALSE POSITIVE,FALSE POSITIVE
K00449.01,,FALSE POSITIVE,FALSE POSITIVE
K00883.01,,CANDIDATE,FALSE POSITIVE
K07643.01,,FALSE POSITIVE,FALSE POSITIVE
K00480.01,Kepler-570 b,CONFIRMED,CONFIRMED
K06482.01,,FALSE POSITIVE,FALSE POSITIVE
K00749.01,Kepler-226 c,CONFIRMED,CONFIRMED
K07942.01,,FALSE POSITIVE,CANDIDATE
K00508.02,Kepler-170 c,CONFIRMED,CONFIRMED
K00867.01,Kepler-709 b,CONFIRMED,CONFIRMED
K04984.01,,FALSE POSITIVE,CANDIDATE
K01164.01,,FALSE POSITIVE,FALSE POSITIVE
K05650.01,,FALSE POSITIVE,CANDIDATE
K05479.01,,CANDIDATE,CANDIDATE
K00219.01,Kepler-494 b,CONFIRMED,CONFIRMED
K05373.01,,CANDIDATE,FALSE POSITIVE
K00692.01,Kepler-213 b,CONFIRMED,CONFIRMED
K02396.01,,FALSE POSITIVE,FALSE POSITIVE
K02709.01,,FALSE POSITIVE,FALSE POSITIVE
K05350.01,,FALSE POSITIVE,FALSE POSITIVE
K00939.04,Kepler-256 e,CONFIRMED,CONFIRMED
K07269.01,,FALSE POSITIVE,FALSE POSITIVE
K08176.01,,FALSE POSITIVE,FALSE POSITIVE
K05254.01,,CANDIDATE,CANDIDATE
K08106.01,,FALSE POSITIVE,CANDIDATE
K02095.01,Kepler-1091 b,CONFIRMED,CONFIRMED
K03551.01,,FALSE POSITIVE,FALSE POSITIVE
K03198.01,,FALSE POSITIVE,FALSE POSITIVE
K07155.02,,FALSE POSITIVE,FALSE POSITIVE
K02541.02,Kepler-391 c,CONFIRMED,CONFIRMED
K01947.01,,CANDIDATE,CANDIDATE
K02077.01,,FALSE POSITIVE,FALSE POSITIVE
K02020.01,Kepler-1058 b,CONFIRMED,CONFIRMED
K00494.01,Kepler-577 b,CONFIRMED,CONFIRMED
K07669.01,,FALSE POSITIVE,FALSE POSITIVE
K00338.01,Kepler-141 c,CONFIRMED,CONFIRMED
K05239.01,,FALSE POSITIVE,CANDIDATE
K05555.01,,FALSE POSITIVE,FALSE POSITIVE
K07277.01,,FALSE POSITIVE,FALSE POSITIVE
K01176.01,Kepler-785 b,CONFIRMED,CONFIRMED
K03385.01,,FALSE POSITIVE,FALSE POSITIVE
K04699.01,,CANDIDATE,CANDIDATE
K01459.01,,FALSE POSITIVE,FALSE POSITIVE
K01066.01,,CANDIDATE,CONFIRMED
K01174.01,,CANDIDATE,FALSE POSITIVE
K03256.01,,FALSE POSITIVE,FALSE POSITIVE
K00156.03,Kepler-114 d,CONFIRMED,CONFIRMED
K02571.01,,CANDIDATE,CONFIRMED
K06221.01,,FALSE POSITIVE,FALSE POSITIVE
K06851.01,,FALSE POSITIVE,FALSE POSITIVE
K03500.02,,CANDIDATE,CANDIDATE
K02544.01,Kepler-1273 b,CONFIRMED,CONFIRMED
K02462.01,Kepler-1838 b,CONFIRMED,CONFIRMED
K07434.01,,CANDIDATE,CANDIDATE
K01390.01,,FALSE POSITIVE,FALSE POSITIVE
K05632.01,,CANDIDATE,CONFIRMED
K06888.01,,FALSE POSITIVE,CANDIDATE
K05185.01,,FALSE POSITIVE,FALSE POSITIVE
K00376.02,,FALSE POSITIVE,FALSE POSITIVE
K06245.02,,CANDIDATE,CANDIDATE
K07877.01,,FALSE POSITIVE,FALSE POSITIVE
K00301.02,Kepler-135 c,CONFIRMED,CONFIRMED
K08174.01,,CANDIDATE,CANDIDATE
K02142.01,,FALSE POSITIVE,FALSE POSITIVE
K01738.01,Kepler-1671 b,CONFIRMED,CONFIRMED
K01297.01,,FALSE POSITIVE,FALSE POSITIVE
K01506.01,Kepler-869 b,CONFIRMED,CONFIRMED
K06141.01,,CANDIDATE,FALSE POSITIVE
K04963.01,,CANDIDATE,CANDIDATE
K07343.01,,FALSE POSITIVE,FALSE POSITIVE
K04707.01,,FALSE POSITIVE,FALSE POSITIVE
K01803.03,,FALSE POSITIVE,FALSE POSITIVE
K00115.01,Kepler-105 b,CONFIRMED,CONFIRMED
K02563.01,Kepler-1279 b,CONFIRMED,CONFIRMED
K06914.01,,FALSE POSITIVE,FALSE POSITIVE
K04539.01,,FALSE POSITIVE,FALSE POSITIVE
K03768.01,,FALSE POSITIVE,FALSE POSITIVE
K05313.01,,FALSE POSITIVE,FALSE POSITIVE
K06592.01,,FALSE POSITIVE,FALSE POSITIVE
K04885.01,,CANDIDATE,CONFIRMED
K05050.01,,FALSE POSITIVE,FALSE POSITIVE
K04475.01,,FALSE POSITIVE,FALSE POSITIVE
K02859.05,,CANDIDATE,CANDIDATE
K01046.01,,FALSE POSITIVE,FALSE POSITIVE
K06744.01,,FALSE POSITIVE,FALSE POSITIVE
K07270.01,,CANDIDATE,CANDIDATE
K02488.01,Kepler-1256 b,CONFIRMED,CONFIRMED
K00076.01,,CANDIDATE,FALSE POSITIVE
K06640.01,,FALSE POSITIVE,FALSE POSITIVE
K01130.01,,FALSE POSITIVE,FALSE POSITIVE
K00688.01,Kepler-645 b,CONFIRMED,CONFIRMED
K06224.02,,FALSE POSITIVE,CANDIDATE
K06207.01,,FALSE POSITIVE,FALSE POSITIVE
K06307.01,,FALSE POSITIVE,FALSE POSITIVE
K06242.03,,CANDIDATE,CANDIDATE
K03878.02,,CANDIDATE,CONFIRMED
K06825.01,,FALSE POSITIVE,FALSE POSITIVE
K03398.01,Kepler-1487 b,CONFIRMED,FALSE POSITIVE
K00401.03,Kepler-149 c,CONFIRMED,CONFIRMED
K04780.01,,CANDIDATE,CANDIDATE
K00989.03,,CANDIDATE,CANDIDATE
K06933.01,,FALSE POSITIVE,FALSE POSITIVE
K00613.01,,FALSE POSITIVE,FALSE POSITIVE
K07521.01,,FALSE POSITIVE,FALSE POSITIVE
K01301.01,Kepler-284 b,CONFIRMED,CONFIRMED
K06591.01,,FALSE POSITIVE,FALSE POSITIVE
K01069.02,Kepler-760 c,CONFIRMED,CONFIRMED
K04827.01,,CANDIDATE,CANDIDATE
K04528.01,,CANDIDATE,CANDIDATE
K07657.01,,FALSE POSITIVE,FALSE POSITIVE
K02682.01,,FALSE POSITIVE,FALSE POSITIVE
K01386.01,,FALSE POSITIVE,FALSE POSITIVE
K06245.03,,FALSE POSITIVE,FALSE POSITIVE
K04728.01,,FALSE POSITIVE,FALSE POSITIVE
K04212.01,Kepler-1569 b,CONFIRMED,CANDIDATE
K03352.01,Kepler-1476 b,CONFIRMED,CONFIRMED
K02395.01,,FALSE POSITIVE,FALSE POSITIVE
K05840.01,,FALSE POSITIVE,FALSE POSITIVE
K05833.01,,CANDIDATE,CANDIDATE
K07651.01,,FALSE POSITIVE,FALSE POSITIVE
K00410.01,,FALSE POSITIVE,FALSE POSITIVE
K03300.02,,FALSE POSITIVE,FALSE POSITIVE
K02298.02,Kepler-1178 b,CONFIRMED,CANDIDATE
K03415.01,Kepler-1493 b,CONFIRMED,CONFIRMED
K00956.01,Kepler-742 b,CONFIRMED,CONFIRMED
K06376.01,,FALSE POSITIVE,FALSE POSITIVE
K02863.01,,FALSE POSITIVE,FALSE POSITIVE
K05158.01,,CANDIDATE,FALSE POSITIVE
K07732.01,,FALSE POSITIVE,FALSE POSITIVE
K03232.01,Kepler-1912 b,CONFIRMED,CONFIRMED
K02004.03,,CANDIDATE,CONFIRMED
K00408.02,Kepler-150 d,CONFIRMED,CONFIRMED
K07376.01,,CANDIDATE,CANDIDATE
K04014.01,Kepler-1700 b,CONFIRMED,CONFIRMED
K07783.01,,FALSE POSITIVE,FALSE POSITIVE
K00061.01,,FALSE POSITIVE,FALSE POSITIVE
K02694.01,Kepler-1315 b,CONFIRMED,CONFIRMED
K03653.01,,FALSE POSITIVE,FALSE POSITIVE
K00380.01,,FALSE POSITIVE,FALSE POSITIVE
K03088.01,Kepler-1901 b,CONFIRMED,CANDIDATE
K02940.01,,FALSE POSITIVE,FALSE POSITIVE
K06705.01,,CANDIDATE,CANDIDATE
K07889.01,,CANDIDATE,CANDIDATE
K00562.01,,FALSE POSITIVE,FALSE POSITIVE
K01529.02,Kepler-59 b,CONFIRMED,CONFIRMED
K06433.01,,FALSE POSITIVE,FALSE POSITIVE
K03822.01,,FALSE POSITIVE,FALSE POSITIVE
K06119.01,,FALSE POSITIVE,FALSE POSITIVE
K06839.01,,FALSE POSITIVE,FALSE POSITIVE
K04438.01,,FALSE POSITIVE,FALSE POSITIVE
K07130.01,,FALSE POSITIVE,FALSE POSITIVE
K05780.01,,FALSE POSITIVE,FALSE POSITIVE
K07337.01,,FALSE POSITIVE,FALSE POSITIVE
K02977.01,Kepler-1398 b,CONFIRMED,CONFIRMED
K07668.01,,CANDIDATE,CANDIDATE
K06365.01,,FALSE POSITIVE,FALSE POSITIVE
K03258.01,,CANDIDATE,CANDIDATE
K02521.01,Kepler-1266 b,CONFIRMED,CONFIRMED
K06816.01,,FALSE POSITIVE,FALSE POSITIVE
K01447.02,,FALSE POSITIVE,FALSE POSITIVE
K00350.01,,CANDIDATE,CONFIRMED
K03221.01,,FALSE POSITIVE,FALSE POSITIVE
K06154.01,,FALSE POSITIVE,FALSE POSITIVE
K00081.01,,FALSE POSITIVE,FALSE POSITIVE
K05625.01,,CANDIDATE,CANDIDATE
K01429.01,Kepler-1750 b,CONFIRMED,CONFIRMED
K01020.01,,FALSE POSITIVE,FALSE POSITIVE
K08132.01,,FALSE POSITIVE,FALSE POSITIVE
K04019.01,,FALSE POSITIVE,FALSE POSITIVE
K00107.01,Kepler-464 b,CONFIRMED,CONFIRMED
K02497.01,Kepler-1261 b,CONFIRMED,CONFIRMED
K03600.01,,FALSE POSITIVE,FALSE POSITIVE
K03459.01,Kepler-1922 b,CONFIRMED,CONFIRMED
K06621.01,,FALSE POSITIVE,FALSE POSITIVE
K02140.01,Kepler-1116 b,CONFIRMED,CONFIRMED
K06316.01,,FALSE POSITIVE,FALSE POSITIVE
K07575.01,,FALSE POSITIVE,FALSE POSITIVE
K02342.02,,FALSE POSITIVE,FALSE POSITIVE
K02089.01,,FALSE POSITIVE,FALSE POSITIVE
K03295.01,,FALSE POSITIVE,FALSE POSITIVE
K03914.01,,FALSE POSITIVE,FALSE POSITIVE
K07040.01,,CANDIDATE,CANDIDATE
K06665.01,,FALSE POSITIVE,FALSE POSITIVE
K02696.01,,CANDIDATE,CONFIRMED
K02876.02,,FALSE POSITIVE,FALSE POSITIVE
K02435.01,,FALSE POSITIVE,FALSE POSITIVE
K04990.01,,FALSE POSITIVE,CANDIDATE
K05575.01,,FALSE POSITIVE,FALSE POSITIVE
K06582.01,,CANDIDATE,CANDIDATE
K01364.01,Kepler-292 f,CONFIRMED,CONFIRMED
K01877.01,Kepler-992 b,CONFIRMED,CONFIRMED
K06224.01,,CANDIDATE,CANDIDATE
K05132.01,,FALSE POSITIVE,FALSE POSITIVE
K03122.01,Kepler-1434 b,CONFIRMED,CANDIDATE
K01813.01,Kepler-958 b,CONFIRMED,CONFIRMED
K00825.01,Kepler-237 c,CONFIRMED,CONFIRMED
K08286.01,,CANDIDATE,FALSE POSITIVE
K01834.01,,FALSE POSITIVE,FALSE POSITIVE
K07615.01,,FALSE POSITIVE,CANDIDATE
K03349.01,Kepler-1475 b,CONFIRMED,CONFIRMED
K02941.01,,FALSE POSITIVE,FALSE POSITIVE
K07497.01,,FALSE POSITIVE,FALSE POSITIVE
K00438.01,Kepler-155 b,CONFIRMED,CONFIRMED
K01021.01,,FALSE POSITIVE,FALSE POSITIVE
K00537.01,Kepler-592 b,CONFIRMED,CONFIRMED
K00365.02,,CANDIDATE,CANDIDATE
K02113.02,Kepler-417 b,CONFIRMED,CONFIRMED
K07188.01,,FALSE POSITIVE,FALSE POSITIVE
K07959.01,,FALSE POSITIVE,FALSE POSITIVE
K05362.01,,FALSE POSITIVE,CANDIDATE
K02011.01,Kepler-348 b,CONFIRMED,CONFIRMED
K07278.01,,FALSE POSITIVE,FALSE POSITIVE
K05520.01,,FALSE POSITIVE,FALSE POSITIVE
K06958.01,,FALSE POSITIVE,FALSE POSITIVE
K02321.01,Kepler-1824 b,CONFIRMED,CONFIRMED
K06058.01,,FALSE POSITIVE,FALSE POSITIVE
K05435.01,,CANDIDATE,CONFIRMED
K01592.01,,FALSE POSITIVE,FALSE POSITIVE
K02215.01,,FALSE POSITIVE,FALSE POSITIVE
K03095.01,Kepler-1905 b,CONFIRMED,CONFIRMED
K04612.01,,FALSE POSITIVE,FALSE POSITIVE
K03641.02,,FALSE POSITIVE,FALSE POSITIVE
K06935.01,,FALSE POSITIVE,FALSE POSITIVE
K02414.02,Kepler-384 c,CONFIRMED,CONFIRMED
K04526.01,,CANDIDATE,CONFIRMED
K06464.01,,FALSE POSITIVE,FALSE POSITIVE
K02717.01,Kepler-1323 b,CONFIRMED,CONFIRMED
K01771.01,,FALSE POSITIVE,FALSE POSITIVE
K02040.01,Kepler-1785 b,CONFIRMED,CONFIRMED
K06189.01,,FALSE POSITIVE,FALSE POSITIVE
K00952.04,Kepler-32 e,CONFIRMED,CONFIRMED
K03589.01,,FALSE POSITIVE,FALSE POSITIVE
K02923.01,,CANDIDATE,CANDIDATE
K00683.01,,CANDIDATE,CONFIRMED
K00168.03,Kepler-23 b,CONFIRMED,CONFIRMED
K01487.01,,FALSE POSITIVE,FALSE POSITIVE
K08083.01,,FALSE POSITIVE,FALSE POSITIVE
K01457.01,Kepler-856 b,CONFIRMED,CONFIRMED
K05803.01,,FALSE POSITIVE,FALSE POSITIVE
K04522.01,,FALSE POSITIVE,FALSE POSITIVE
K03411.01,,CANDIDATE,FALSE POSITIVE
K03725.01,,FALSE POSITIVE,FALSE POSITIVE
K01581.01,Kepler-896 c,CONFIRMED,CONFIRMED
K06842.01,,FALSE POSITIVE,FALSE POSITIVE
K01843.02,,CANDIDATE,CANDIDATE
K01840.02,,CANDIDATE,CANDIDATE
K07068.01,,FALSE POSITIVE,FALSE POSITIVE
K01792.03,Kepler-953 c,CONFIRMED,CONFIRMED
K00706.01,,FALSE POSITIVE,FALSE POSITIVE
K08167.01,,FALSE POSITIVE,FALSE POSITIVE
K04099.01,Kepler-1940 b,CONFIRMED,CONFIRMED
K05012.01,,FALSE POSITIVE,FALSE POSITIVE
K04095.01,,FALSE POSITIVE,FALSE POSITIVE
K02405.01,,FALSE POSITIVE,FALSE POSITIVE
K03984.01,Kepler-1537 b,CONFIRMED,CONFIRMED
K06306.01,,FALSE POSITIVE,FALSE POSITIVE
K05735.01,,FALSE POSITIVE,FALSE POSITIVE
K01358.02,Kepler-1987 e,CONFIRMED,CONFIRMED
K07096.01,,FALSE POSITIVE,FALSE POSITIVE
K04044.01,,FALSE POSITIVE,FALSE POSITIVE
K00855.01,Kepler-706 b,CONFIRMED,CONFIRMED
K04237.01,,FALSE POSITIVE,FALSE POSITIVE
K07558.01,,CANDIDATE,FALSE POSITIVE
K08135.01,,FALSE POSITIVE,FALSE POSITIVE
K05988.01,,FALSE POSITIVE,FALSE POSITIVE
K01942.01,Kepler-1978 b,CONFIRMED,CONFIRMED
K07368.01,Kepler-1974 b,CONFIRMED,CONFIRMED
K02700.01,,CANDIDATE,CANDIDATE
K02913.01,Kepler-1385 b,CONFIRMED,CONFIRMED
K01416.01,Kepler-840 b,CONFIRMED,FALSE POSITIVE
K00220.01,Kepler-119 b,CONFIRMED,CONFIRMED
K05726.01,,FALSE POSITIVE,FALSE POSITIVE
K06396.01,,FALSE POSITIVE,FALSE POSITIVE
K03442.01,,FALSE POSITIVE,FALSE POSITIVE
K03167.01,,FALSE POSITIVE,FALSE POSITIVE
K04510.01,Kepler-1611 b,CONFIRMED,CONFIRMED
K01286.01,,FALSE POSITIVE,FALSE POSITIVE
K01388.01,,FALSE POSITIVE,FALSE POSITIVE
K07204.01,,FALSE POSITIVE,FALSE POSITIVE
K06140.01,,FALSE POSITIVE,FALSE POSITIVE
K00746.01,Kepler-660 b,CONFIRMED,CONFIRMED
K05972.01,,CANDIDATE,CANDIDATE
K06115.01,,CANDIDATE,FALSE POSITIVE
K01375.01,Kepler-1746 b,CONFIRMED,CANDIDATE
K04211.02,,FALSE POSITIVE,FALSE POSITIVE
K02872.01,,FALSE POSITIVE,FALSE POSITIVE
K06042.01,,FALSE POSITIVE,FALSE POSITIVE
K00593.03,Kepler-616 d,CONFIRMED,CONFIRMED
K02906.01,Kepler-1383 b,CONFIRMED,CONFIRMED
K05984.01,,FALSE POSITIVE,FALSE POSITIVE
K00099.01,,CANDIDATE,FALSE POSITIVE
K01937.01,Kepler-1019 b,CONFIRMED,CONFIRMED
K00066.01,,FALSE POSITIVE,FALSE POSITIVE
K04236.01,,FALSE POSITIVE,FALSE POSITIVE
K05644.01,,CANDIDATE,CANDIDATE
K03001.01,,FALSE POSITIVE,FALSE POSITIVE
K00992.01,Kepler-745 b,CONFIRMED,CONFIRMED
K04146.01,Kepler-1558 b,CONFIRMED,CONFIRMED
K00304.02,,CANDIDATE,CANDIDATE
K07226.01,,CANDIDATE,CANDIDATE
K06054.01,,FALSE POSITIVE,FALSE POSITIVE
K03046.01,,FALSE POSITIVE,FALSE POSITIVE
K07686.01,,FALSE POSITIVE,CANDIDATE
K07440.01,,FALSE POSITIVE,FALSE POSITIVE
K03961.01,,FALSE POSITIVE,FALSE POSITIVE
K05681.01,,CANDIDATE,CANDIDATE
K08234.01,,FALSE POSITIVE,FALSE POSITIVE
K01875.01,Kepler-990 b,CONFIRMED,CONFIRMED
K06657.01,,CANDIDATE,FALSE POSITIVE
K04573.01,,FALSE POSITIVE,FALSE POSITIVE
K06464.03,,CANDIDATE,CANDIDATE
K01753.01,,FALSE POSITIVE,FALSE POSITIVE
K04559.01,,FALSE POSITIVE,FALSE POSITIVE
K05466.01,Kepler-1631 b,CONFIRMED,CANDIDATE
K00660.01,Kepler-638 b,CONFIRMED,CONFIRMED
K03042.01,,CANDIDATE,CANDIDATE
K01175.01,Kepler-784 b,CONFIRMED,CONFIRMED
K04777.02,,FALSE POSITIVE,FALSE POSITIVE
K04732.01,,FALSE POSITIVE,FALSE POSITIVE
K05743.01,,FALSE POSITIVE,FALSE POSITIVE
K04738.01,,FALSE POSITIVE,FALSE POSITIVE
K01026.01,,FALSE POSITIVE,FALSE POSITIVE
K02082.01,Kepler-1790 b,CONFIRMED,CONFIRMED
K02726.01,,FALSE POSITIVE,FALSE POSITIVE
K03337.01,,CANDIDATE,CANDIDATE
K06848.01,,FALSE POSITIVE,FALSE POSITIVE
K00600.01,Kepler-618 b,CONFIRMED,CONFIRMED
K06948.01,,FALSE POSITIVE,FALSE POSITIVE
K03564.01,,FALSE POSITIVE,FALSE POSITIVE
K01422.04,Kepler-296 f,CONFIRMED,CONFIRMED
K04790.01,,CANDIDATE,CANDIDATE
K04371.01,Kepler-1596 b,CONFIRMED,CONFIRMED
K06372.01,,CANDIDATE,CANDIDATE
K04877.01,,CANDIDATE,CANDIDATE
K04920.01,,FALSE POSITIVE,CANDIDATE
K00659.01,Kepler-637 b,CONFIRMED,CONFIRMED
K05307.01,,FALSE POSITIVE,FALSE POSITIVE
K04772.01,,CANDIDATE,CONFIRMED
K02939.01,,FALSE POSITIVE,FALSE POSITIVE
K08122.01,,CANDIDATE,CANDIDATE
K05530.01,,FALSE POSITIVE,CANDIDATE
K04045.01,,FALSE POSITIVE,FALSE POSITIVE
K00232.05,Kepler-122 f,CONFIRMED,CONFIRMED
K04661.01,Kepler-1966 b,CONFIRMED,CONFIRMED
K00490.03,Kepler-167 c,CONFIRMED,CONFIRMED
K00442.01,Kepler-157 c,CONFIRMED,CONFIRMED
K01366.01,Kepler-293 b,CONFIRMED,CONFIRMED
K03317.01,,FALSE POSITIVE,FALSE POSITIVE
K00448.01,Kepler-159 b,CONFIRMED,CONFIRMED
K01704.01,Kepler-1765 b,CONFIRMED,CONFIRMED
K06392.01,,FALSE POSITIVE,FALSE POSITIVE
K02585.03,,CANDIDATE,CANDIDATE
K02826.01,,FALSE POSITIVE,FALSE POSITIVE
K01052.02,Kepler-265 b,CONFIRMED,CONFIRMED
K01270.01,Kepler-57 b,CONFIRMED,CONFIRMED
K00353.01,,CANDIDATE,CONFIRMED
K00368.01,,FALSE POSITIVE,FALSE POSITIVE
K00823.01,,CANDIDATE,FALSE POSITIVE
K07210.01,,FALSE POSITIVE,FALSE POSITIVE
K04291.01,,FALSE POSITIVE,FALSE POSITIVE
K01222.01,,FALSE POSITIVE,FALSE POSITIVE
K07077.01,,FALSE POSITIVE,FALSE POSITIVE
K07583.01,,FALSE POSITIVE,FALSE POSITIVE
K01319.01,,FALSE POSITIVE,FALSE POSITIVE
K07611.01,,FALSE POSITIVE,FALSE POSITIVE
K04524.02,,CANDIDATE,CANDIDATE
K04465.01,,FALSE POSITIVE,FALSE POSITIVE
K00847.01,Kepler-700 b,CONFIRMED,CONFIRMED
K05051.01,,FALSE POSITIVE,FALSE POSITIVE
K07504.01,,FALSE POSITIVE,FALSE POSITIVE
K04584.01,,FALSE POSITIVE,FALSE POSITIVE
K00417.01,,CANDIDATE,CANDIDATE
K04492.01,,FALSE POSITIVE,FALSE POSITIVE
K05772.01,,CANDIDATE,CANDIDATE
K04248.01,,FALSE POSITIVE,FALSE POSITIVE
K05055.01,,FALSE POSITIVE,CANDIDATE
K04015.01,Kepler-1539 b,CONFIRMED,CONFIRMED
K04853.01,,CANDIDATE,CANDIDATE
K02333.02,Kepler-380 c,CONFIRMED,CONFIRMED
K07450.01,,FALSE POSITIVE,FALSE POSITIVE
K05796.01,,CANDIDATE,CANDIDATE
K04208.01,,CANDIDATE,CONFIRMED
K00761.01,,FALSE POSITIVE,FALSE POSITIVE
K01775.01,,FALSE POSITIVE,FALSE POSITIVE
K00010.01,Kepler-8 b,CONFIRMED,CONFIRMED
K06357.01,,FALSE POSITIVE,FALSE POSITIVE
K05531.01,,FALSE POSITIVE,CANDIDATE
K06037.01,,FALSE POSITIVE,FALSE POSITIVE
K00730.04,Kepler-223 b,CONFIRMED,CONFIRMED
K00778.01,Kepler-674 b,CONFIRMED,CONFIRMED
K01773.01,,CANDIDATE,FALSE POSITIVE
K01641.01,Kepler-918 b,CONFIRMED,CONFIRMED
K06446.01,,FALSE POSITIVE,FALSE POSITIVE
K06015.01,,FALSE POSITIVE,FALSE POSITIVE
K02220.01,Kepler-374 c,CONFIRMED,CONFIRMED
K04988.01,,FALSE POSITIVE,CANDIDATE
K00935.04,,CANDIDATE,CANDIDATE
K08060.01,,FALSE POSITIVE,FALSE POSITIVE
K02026.01,Kepler-1061 b,CONFIRMED,CONFIRMED
K01800.01,Kepler-447 b,CONFIRMED,CANDIDATE
K05332.01,,CANDIDATE,CANDIDATE
K04947.01,,FALSE POSITIVE,FALSE POSITIVE
K07326.01,,FALSE POSITIVE,FALSE POSITIVE
K07756.01,,FALSE POSITIVE,FALSE POSITIVE
K00652.01,Kepler-636 b,CONFIRMED,CONFIRMED
K05393.01,,CANDIDATE,CANDIDATE
K03294.01,,FALSE POSITIVE,FALSE POSITIVE
K07250.01,,FALSE POSITIVE,CANDIDATE
K00316.02,Kepler-139 c,CONFIRMED,CONFIRMED
K04462.01,,CANDIDATE,FALSE POSITIVE
K04078.01,,FALSE POSITIVE,FALSE POSITIVE
K04524.01,Kepler-1962 b,CONFIRMED,CONFIRMED
K01349.01,,FALSE POSITIVE,FALSE POSITIVE
K05048.01,,CANDIDATE,CANDIDATE
K07805.01,,FALSE POSITIVE,FALSE POSITIVE
K05976.01,,FALSE POSITIVE,FALSE POSITIVE
K01713.01,Kepler-316 c,CONFIRMED,CONFIRMED
K05878.01,,CANDIDATE,CANDIDATE
K01571.01,,FALSE POSITIVE,FALSE POSITIVE
K04025.01,,FALSE POSITIVE,FALSE POSITIVE
K04256.01,,FALSE POSITIVE,FALSE POSITIVE
K06913.01,,FALSE POSITIVE,FALSE POSITIVE
K01240.01,Kepler-280 b,CONFIRMED,CONFIRMED
K06390.01,,FALSE POSITIVE,FALSE POSITIVE
K03266.01,Kepler-1450 b,CONFIRMED,CONFIRMED
K02926.03,Kepler-1388 d,CONFIRMED,CONFIRMED
K06765.01,,CANDIDATE,CANDIDATE
K04062.01,,FALSE POSITIVE,FALSE POSITIVE
K02005.01,Kepler-1048 b,CONFIRMED,CONFIRMED
K00851.01,Kepler-703 b,CONFIRMED,CONFIRMED
K03307.01,,CANDIDATE,CONFIRMED
K07544.01,,FALSE POSITIVE,FALSE POSITIVE
K00657.02,Kepler-202 c,CONFIRMED,CONFIRMED
K05425.01,,CANDIDATE,FALSE POSITIVE
K00202.01,Kepler-412 b,CONFIRMED,CONFIRMED
K04224.01,,FALSE POSITIVE,FALSE POSITIVE
K06607.01,,FALSE POSITIVE,FALSE POSITIVE
K04269.02,,CANDIDATE,CANDIDATE
K01106.03,,CANDIDATE,CANDIDATE
K05266.01,,CANDIDATE,FALSE POSITIVE
K06796.01,,FALSE POSITIVE,FALSE POSITIVE
K00289.02,Kepler-511 b,CONFIRMED,CONFIRMED
K02823.01,,FALSE POSITIVE,FALSE POSITIVE
K07866.01,,FALSE POSITIVE,FALSE POSITIVE
K02447.01,,FALSE POSITIVE,FALSE POSITIVE
K01633.01,Kepler-916 b,CONFIRMED,CONFIRMED
K03826.01,,FALSE POSITIVE,FALSE POSITIVE
K06830.01,,FALSE POSITIVE,FALSE POSITIVE
K04053.01,Kepler-1934 b,CONFIRMED,CONFIRMED
K03689.01,,CANDIDATE,CANDIDATE
K02694.02,Kepler-1315 c,CONFIRMED,CONFIRMED
K02715.02,Kepler-1321 c,CONFIRMED,CONFIRMED
K00696.01,,FALSE POSITIVE,FALSE POSITIVE
K04143.01,,FALSE POSITIVE,FALSE POSITIVE
K03924.01,,FALSE POSITIVE,FALSE POSITIVE
K01522.01,Kepler-879 b,CONFIRMED,CONFIRMED
K04706.01,Kepler-1620 b,CONFIRMED,CANDIDATE
K08250.01,,FALSE POSITIVE,FALSE POSITIVE
K02096.01,Kepler-1794 b,CONFIRMED,CONFIRMED
K08215.01,,FALSE POSITIVE,FALSE POSITIVE
K02357.01,,CANDIDATE,CONFIRMED
K06623.01,,FALSE POSITIVE,FALSE POSITIVE
K03767.01,,CANDIDATE,FALSE POSITIVE
K07419.01,,FALSE POSITIVE,FALSE POSITIVE
K01203.02,Kepler-276 b,CONFIRMED,CONFIRMED
K01718.02,Kepler-937 c,CONFIRMED,CANDIDATE
K00500.05,Kepler-80 f,CONFIRMED,CONFIRMED
K00401.01,Kepler-149 b,CONFIRMED,CONFIRMED
K04212.02,,CANDIDATE,CANDIDATE
K01907.01,Kepler-1009 b,CONFIRMED,CONFIRMED
K02438.01,,FALSE POSITIVE,FALSE POSITIVE
K00724.01,,FALSE POSITIVE,FALSE POSITIVE
K05977.01,,CANDIDATE,CANDIDATE
K08104.01,,FALSE POSITIVE,FALSE POSITIVE
K07567.01,,CANDIDATE,CANDIDATE
K01083.02,,CANDIDATE,CANDIDATE
K04141.01,,FALSE POSITIVE,FALSE POSITIVE
K03060.01,Kepler-1421 b,CONFIRMED,CANDIDATE
K08032.01,,FALSE POSITIVE,FALSE POSITIVE
K07175.01,,FALSE POSITIVE,FALSE POSITIVE
K06750.01,,CANDIDATE,CANDIDATE
K08258.01,,FALSE POSITIVE,FALSE POSITIVE
K06712.01,,FALSE POSITIVE,FALSE POSITIVE
K07116.01,,CANDIDATE,CANDIDATE
K07422.01,,FALSE POSITIVE,FALSE POSITIVE
K01165.02,Kepler-783 b,CONFIRMED,CANDIDATE
K01930.02,Kepler-338 c,CONFIRMED,CONFIRMED
K07483.01,,CANDIDATE,CANDIDATE
K00744.02,,FALSE POSITIVE,FALSE POSITIVE
K06383.01,,FALSE POSITIVE,FALSE POSITIVE
K01085.01,Kepler-1735 b,CONFIRMED,CONFIRMED
K02626.01,Kepler-1652 b,CONFIRMED,CONFIRMED
K03447.01,,FALSE POSITIVE,FALSE POSITIVE
K07932.01,,CANDIDATE,FALSE POSITIVE
K00658.02,Kepler-203 c,CONFIRMED,CONFIRMED
K04656.01,,CANDIDATE,CANDIDATE
K06626.01,,FALSE POSITIVE,FALSE POSITIVE
K05589.01,,FALSE POSITIVE,FALSE POSITIVE
K01446.01,,FALSE POSITIVE,FALSE POSITIVE
K04951.01,,FALSE POSITIVE,FALSE POSITIVE
K03633.01,,FALSE POSITIVE,FALSE POSITIVE
K04620.01,,FALSE POSITIVE,FALSE POSITIVE
K03499.02,,FALSE POSITIVE,FALSE POSITIVE
K07591.01,,CANDIDATE,CANDIDATE
K01285.01,,FALSE POSITIVE,FALSE POSITIVE
K04364.01,Kepler-1595 b,CONFIRMED,CONFIRMED
K07713.01,,FALSE POSITIVE,FALSE POSITIVE
K01719.01,,FALSE POSITIVE,FALSE POSITIVE
K04564.01,,FALSE POSITIVE,FALSE POSITIVE
K04852.01,,CANDIDATE,CANDIDATE
K03493.01,Kepler-1925 b,CONFIRMED,CONFIRMED
K01699.01,,FALSE POSITIVE,FALSE POSITIVE
K06961.01,,FALSE POSITIVE,FALSE POSITIVE
K01648.01,Kepler-1760 b,CONFIRMED,CONFIRMED
K00591.01,,FALSE POSITIVE,FALSE POSITIVE
K08065.01,,FALSE POSITIVE,FALSE POSITIVE
K03702.01,,FALSE POSITIVE,FALSE POSITIVE
K04060.01,,CANDIDATE,CONFIRMED
K00710.01,Kepler-217 b,CONFIRMED,CONFIRMED
K01434.01,Kepler-847 b,CONFIRMED,CONFIRMED
K00085.02,Kepler-65 b,CONFIRMED,CONFIRMED
K01587.01,,CANDIDATE,FALSE POSITIVE
K06691.01,,FALSE POSITIVE,FALSE POSITIVE
K01776.01,,FALSE POSITIVE,FALSE POSITIVE
K06133.01,,FALSE POSITIVE,FALSE POSITIVE
K03378.01,,FALSE POSITIVE,FALSE POSITIVE
K02038.03,Kepler-85 d,CONFIRMED,CONFIRMED
K02902.01,,FALSE POSITIVE,FALSE POSITIVE
K07315.01,,FALSE POSITIVE,FALSE POSITIVE
K03976.01,,FALSE POSITIVE,FALSE POSITIVE
K03694.01,,FALSE POSITIVE,FALSE POSITIVE
K02175.02,Kepler-368 c,CONFIRMED,CONFIRMED
K08027.01,,FALSE POSITIVE,FALSE POSITIVE
K06993.01,,CANDIDATE,CANDIDATE
K07099.01,,CANDIDATE,CANDIDATE
K03071.01,Kepler-1423 b,CONFIRMED,CANDIDATE
K02732.02,Kepler-403 d,CONFIRMED,CONFIRMED
K02529.01,Kepler-436 c,CONFIRMED,CONFIRMED
K04278.01,,FALSE POSITIVE,FALSE POSITIVE
K02368.01,Kepler-1210 b,CONFIRMED,CONFIRMED
K05500.01,,CANDIDATE,CANDIDATE
K02451.01,,FALSE POSITIVE,CONFIRMED
K03162.01,,FALSE POSITIVE,FALSE POSITIVE
K07493.01,,FALSE POSITIVE,FALSE POSITIVE
K05413.01,,CANDIDATE,FALSE POSITIVE
K03542.01,,FALSE POSITIVE,FALSE POSITIVE
K03053.01,Kepler-1419 b,CONFIRMED,CONFIRMED
K01093.01,,FALSE POSITIVE,FALSE POSITIVE
K04521.01,,FALSE POSITIVE,FALSE POSITIVE
K04816.01,,FALSE POSITIVE,FALSE POSITIVE
K06955.01,,FALSE POSITIVE,FALSE POSITIVE
K01999.01,,FALSE POSITIVE,FALSE POSITIVE
K02473.03,Kepler-389 c,CONFIRMED,CONFIRMED
K07411.01,,FALSE POSITIVE,CANDIDATE
K05939.01,,CANDIDATE,CANDIDATE
K01788.01,Kepler-951 b,CONFIRMED,CONFIRMED
K05739.01,,FALSE POSITIVE,FALSE POSITIVE
K05073.01,,FALSE POSITIVE,FALSE POSITIVE
K02827.01,Kepler-1358 b,CONFIRMED,CONFIRMED
K00894.01,,FALSE POSITIVE,FALSE POSITIVE
K02048.02,,FALSE POSITIVE,CANDIDATE
K01598.01,Kepler-310 c,CONFIRMED,CONFIRMED
K05763.01,,FALSE POSITIVE,CANDIDATE
K03607.01,,FALSE POSITIVE,FALSE POSITIVE
K02493.01,Kepler-1259 b,CONFIRMED,CONFIRMED
K07741.01,,FALSE POSITIVE,FALSE POSITIVE
K01886.01,Kepler-999 b,CONFIRMED,CONFIRMED
K01224.01,,FALSE POSITIVE,FALSE POSITIVE
K08296.01,,FALSE POSITIVE,FALSE POSITIVE
K02352.02,Kepler-381 b,CONFIRMED,CANDIDATE
K06022.01,,FALSE POSITIVE,FALSE POSITIVE
K03630.01,,FALSE POSITIVE,FALSE POSITIVE
K03803.01,,FALSE POSITIVE,FALSE POSITIVE
K07135.01,,FALSE POSITIVE,FALSE POSITIVE
K01278.03,Kepler-282 b,CONFIRMED,CANDIDATE
K04490.01,,FALSE POSITIVE,FALSE POSITIVE
K05853.01,,CANDIDATE,CANDIDATE
K05692.01,,CANDIDATE,CANDIDATE
K07151.01,,FALSE POSITIVE,FALSE POSITIVE
K02123.01,Kepler-1796 b,CONFIRMED,CONFIRMED
K07488.01,,FALSE POSITIVE,FALSE POSITIVE
K03371.01,,CANDIDATE,CONFIRMED
K00785.01,Kepler-679 b,CONFIRMED,CONFIRMED
K07470.01,,CANDIDATE,CANDIDATE
K03444.04,,CANDIDATE,CANDIDATE
K00995.01,,FALSE POSITIVE,FALSE POSITIVE
K04674.01,,CANDIDATE,CANDIDATE
K04858.01,,FALSE POSITIVE,FALSE POSITIVE
K02086.04,,CANDIDATE,CANDIDATE
K00900.01,Kepler-1730 b,CONFIRMED,CONFIRMED
K04159.01,Kepler-1559 b,CONFIRMED,CANDIDATE
K00274.01,Kepler-128 b,CONFIRMED,CONFIRMED
K08214.01,,FALSE POSITIVE,FALSE POSITIVE
K04342.01,,FALSE POSITIVE,FALSE POSITIVE
K06729.01,,FALSE POSITIVE,FALSE POSITIVE
K02831.01,,FALSE POSITIVE,FALSE POSITIVE
K00871.01,,CANDIDATE,FALSE POSITIVE
K06541.02,,FALSE POSITIVE,FALSE POSITIVE
K05657.01,,CANDIDATE,CANDIDATE
K03501.01,,FALSE POSITIVE,FALSE POSITIVE
K03762.01,Kepler-1519 b,CONFIRMED,CONFIRMED
K04783.01,,FALSE POSITIVE,FALSE POSITIVE
K00252.01,Kepler-1663 b,CONFIRMED,CONFIRMED
K00769.01,Kepler-671 b,CONFIRMED,CONFIRMED
K03757.01,,FALSE POSITIVE,FALSE POSITIVE
K02646.01,,FALSE POSITIVE,FALSE POSITIVE
K06809.01,,FALSE POSITIVE,FALSE POSITIVE
K01332.03,Kepler-288 d,CONFIRMED,CONFIRMED
K00221.01,Kepler-495 b,CONFIRMED,CONFIRMED
K06103.02,,CANDIDATE,CANDIDATE
K06238.01,,CANDIDATE,CANDIDATE
K03654.01,,FALSE POSITIVE,FALSE POSITIVE
K00216.01,Kepler-118 c,CONFIRMED,CONFIRMED
K04056.01,Kepler-1935 b,CONFIRMED,CANDIDATE
K06598.01,,CANDIDATE,CANDIDATE
K05544.01,,FALSE POSITIVE,FALSE POSITIVE
K05086.01,,FALSE POSITIVE,FALSE POSITIVE
K00250.03,Kepler-26 d,CONFIRMED,CONFIRMED
K01996.02,,CANDIDATE,CANDIDATE
K01413.03,Kepler-295 d,CONFIRMED,CONFIRMED
K04027.01,,FALSE POSITIVE,FALSE POSITIVE
K01333.01,,FALSE POSITIVE,FALSE POSITIVE
K07124.02,,FALSE POSITIVE,FALSE POSITIVE
K00435.01,Kepler-154 d,CONFIRMED,CONFIRMED
K04489.01,,FALSE POSITIVE,FALSE POSITIVE
K05800.01,,CANDIDATE,CANDIDATE
K03441.01,,FALSE POSITIVE,FALSE POSITIVE
K00536.01,Kepler-591 b,CONFIRMED,CONFIRMED
K04562.01,,FALSE POSITIVE,FALSE POSITIVE
K03510.01,,FALSE POSITIVE,FALSE POSITIVE
K02383.01,Kepler-1216 b,CONFIRMED,CONFIRMED
K02085.01,,FALSE POSITIVE,FALSE POSITIVE
K03370.02,Kepler-1481 b,CONFIRMED,CONFIRMED
K00289.01,Kepler-511 c,CONFIRMED,CONFIRMED
K02613.01,,CANDIDATE,CANDIDATE
K05784.01,,FALSE POSITIVE,FALSE POSITIVE
K07002.01,,CANDIDATE,CANDIDATE
K05751.01,,FALSE POSITIVE,CANDIDATE
K00250.04,Kepler-26 e,CONFIRMED,CONFIRMED
K02450.01,Kepler-1243 b,CONFIRMED,CONFIRMED
K06715.01,,FALSE POSITIVE,FALSE POSITIVE
K06978.01,,CANDIDATE,CANDIDATE
K04983.01,,FALSE POSITIVE,CANDIDATE
K01445.03,,CANDIDATE,FALSE POSITIVE
K06862.01,,CANDIDATE,FALSE POSITIVE
K02118.01,,FALSE POSITIVE,FALSE POSITIVE
K01029.01,Kepler-1732 b,CONFIRMED,CONFIRMED
K01760.01,Kepler-317 b,CONFIRMED,CONFIRMED
K02410.02,,FALSE POSITIVE,FALSE POSITIVE
K04942.01,,FALSE POSITIVE,FALSE POSITIVE
K04006.02,,FALSE POSITIVE,FALSE POSITIVE
K01022.02,,FALSE POSITIVE,CANDIDATE
K05945.01,,CANDIDATE,CANDIDATE
K02309.01,Kepler-1184 b,CONFIRMED,CONFIRMED
K04826.01,,CANDIDATE,CANDIDATE
K06335.01,,FALSE POSITIVE,FALSE POSITIVE
K04292.01,Kepler-1583 b,CONFIRMED,CANDIDATE
K04164.01,,FALSE POSITIVE,FALSE POSITIVE
K03746.01,,FALSE POSITIVE,FALSE POSITIVE
K04985.01,,FALSE POSITIVE,CANDIDATE
K05886.01,,CANDIDATE,CANDIDATE
K07977.01,,FALSE POSITIVE,FALSE POSITIVE
K02832.01,Kepler-1361 b,CONFIRMED,CONFIRMED
K00750.01,Kepler-662 b,CONFIRMED,CONFIRMED
K01122.01,,FALSE POSITIVE,FALSE POSITIVE
K00944.01,,FALSE POSITIVE,CONFIRMED
K07580.01,,FALSE POSITIVE,FALSE POSITIVE
K05934.01,,CANDIDATE,CANDIDATE
K02075.01,Kepler-1084 b,CONFIRMED,CONFIRMED
K00189.01,Kepler-486 b,CONFIRMED,CONFIRMED
K06519.01,,FALSE POSITIVE,FALSE POSITIVE
K06612.02,,FALSE POSITIVE,FALSE POSITIVE
K00600.02,,CANDIDATE,CANDIDATE
K01158.01,,FALSE POSITIVE,FALSE POSITIVE
K07739.01,,FALSE POSITIVE,FALSE POSITIVE
K02248.04,,CANDIDATE,CANDIDATE
K02671.02,,FALSE POSITIVE,FALSE POSITIVE
K03606.01,,FALSE POSITIVE,FALSE POSITIVE
K05906.01,,FALSE POSITIVE,FALSE POSITIVE
K00492.02,,CANDIDATE,FALSE POSITIVE
K01400.01,,FALSE POSITIVE,FALSE POSITIVE
K02517.01,Kepler-1264 b,CONFIRMED,CONFIRMED
K07749.01,,CANDIDATE,CANDIDATE
K05888.01,,CANDIDATE,CANDIDATE
K03156.01,,FALSE POSITIVE,FALSE POSITIVE
K03567.01,,FALSE POSITIVE,FALSE POSITIVE
K06217.01,,CANDIDATE,CANDIDATE
K03192.01,,FALSE POSITIVE,FALSE POSITIVE
K01957.02,,FALSE POSITIVE,FALSE POSITIVE
K01351.01,,FALSE POSITIVE,FALSE POSITIVE
K00276.01,Kepler-509 b,CONFIRMED,CONFIRMED
K01133.01,,FALSE POSITIVE,FALSE POSITIVE
K04439.01,,FALSE POSITIVE,FALSE POSITIVE
K04213.01,,FALSE POSITIVE,FALSE POSITIVE
K00777.01,,CANDIDATE,CANDIDATE
K05626.01,,CANDIDATE,CANDIDATE
K01368.01,,FALSE POSITIVE,FALSE POSITIVE
K05677.01,,CANDIDATE,CANDIDATE
K02419.01,Kepler-1230 b,CONFIRMED,CONFIRMED
K00505.04,Kepler-169 d,CONFIRMED,CONFIRMED
K05344.01,,CANDIDATE,CANDIDATE
K00884.03,Kepler-247 b,CONFIRMED,CONFIRMED
K00657.01,Kepler-202 b,CONFIRMED,CONFIRMED
K04669.01,,FALSE POSITIVE,FALSE POSITIVE
K01498.02,Kepler-864 c,CONFIRMED,CONFIRMED
K02203.02,,FALSE POSITIVE,FALSE POSITIVE
K05231.01,,CANDIDATE,CANDIDATE
K04932.01,,CANDIDATE,FALSE POSITIVE
K04429.01,,FALSE POSITIVE,FALSE POSITIVE
K06043.01,,FALSE POSITIVE,FALSE POSITIVE
K03030.01,,FALSE POSITIVE,FALSE POSITIVE
K03847.01,,FALSE POSITIVE,FALSE POSITIVE
K05826.01,,CANDIDATE,CANDIDATE
K02195.02,Kepler-372 d,CONFIRMED,CONFIRMED
K03135.01,,FALSE POSITIVE,FALSE POSITIVE
K02799.01,,FALSE POSITIVE,FALSE POSITIVE
K04021.01,,CANDIDATE,CONFIRMED
K01124.01,,FALSE POSITIVE,FALSE POSITIVE
K04800.01,,FALSE POSITIVE,FALSE POSITIVE
K03923.01,,FALSE POSITIVE,FALSE POSITIVE
K04558.01,,CANDIDATE,CANDIDATE
K04353.01,,CANDIDATE,CANDIDATE
K00212.01,,CANDIDATE,CONFIRMED
K04992.01,,CANDIDATE,CANDIDATE
K06315.01,,CANDIDATE,FALSE POSITIVE
K00264.01,,FALSE POSITIVE,FALSE POSITIVE
K07256.01,,FALSE POSITIVE,FALSE POSITIVE
K05710.01,,FALSE POSITIVE,CANDIDATE
K06544.01,,FALSE POSITIVE,FALSE POSITIVE
K03133.01,,FALSE POSITIVE,FALSE POSITIVE
K05309.01,,FALSE POSITIVE,FALSE POSITIVE
K08163.01,,CANDIDATE,FALSE POSITIVE
K06180.02,,CANDIDATE,CANDIDATE
K03575.01,,FALSE POSITIVE,FALSE POSITIVE
K02218.02,Kepler-373 c,CONFIRMED,CANDIDATE
K00137.01,Kepler-18 c,CONFIRMED,CONFIRMED
K00313.02,Kepler-137 b,CONFIRMED,CONFIRMED
K02161.01,,FALSE POSITIVE,FALSE POSITIVE
K01430.01,Kepler-298 b,CONFIRMED,CONFIRMED
K00195.01,Kepler-426 b,CONFIRMED,CONFIRMED
K07517.01,,FALSE POSITIVE,FALSE POSITIVE
K02293.01,Kepler-1683 b,CONFIRMED,CONFIRMED
K00279.01,Kepler-450 b,CONFIRMED,CONFIRMED
K00736.02,Kepler-225 b,CONFIRMED,CONFIRMED
K07268.01,,FALSE POSITIVE,FALSE POSITIVE
K01312.02,,FALSE POSITIVE,FALSE POSITIVE
K06182.02,,CANDIDATE,CANDIDATE
K01803.01,,CANDIDATE,CONFIRMED
K03947.01,,FALSE POSITIVE,FALSE POSITIVE
K05419.01,,FALSE POSITIVE,CANDIDATE
K03065.01,,CANDIDATE,CANDIDATE
K01707.01,Kepler-315 b,CONFIRMED,CONFIRMED
K04966.01,,FALSE POSITIVE,FALSE POSITIVE
K07538.01,,FALSE POSITIVE,FALSE POSITIVE
K05616.01,,CANDIDATE,CANDIDATE
K04752.01,,FALSE POSITIVE,FALSE POSITIVE
K03126.01,,FALSE POSITIVE,FALSE POSITIVE
K02041.01,,FALSE POSITIVE,FALSE POSITIVE
K00298.02,,CANDIDATE,CONFIRMED
K02671.01,,CANDIDATE,FALSE POSITIVE
K05043.01,,FALSE POSITIVE,CANDIDATE
K03338.02,,FALSE POSITIVE,FALSE POSITIVE
K06991.01,,FALSE POSITIVE,FALSE POSITIVE
K03709.01,,FALSE POSITIVE,FALSE POSITIVE
K06568.01,,CANDIDATE,CANDIDATE
K01070.01,Kepler-266 b,CONFIRMED,CONFIRMED
K06267.01,,CANDIDATE,CANDIDATE
K03148.01,,FALSE POSITIVE,FALSE POSITIVE
K02374.01,Kepler-382 b,CONFIRMED,CONFIRMED
K00108.02,Kepler-103 c,CONFIRMED,CONFIRMED
K03423.01,Kepler-1920 b,CONFIRMED,CONFIRMED
K04043.01,,FALSE POSITIVE,FALSE POSITIVE
K02838.02,Kepler-1365 c,CONFIRMED,CANDIDATE
K07908.01,,FALSE POSITIVE,CANDIDATE
K01360.02,Kepler-290 b,CONFIRMED,CONFIRMED
K02169.03,Kepler-1130 d,CONFIRMED,CONFIRMED
K01658.01,Kepler-76 b,CONFIRMED,CANDIDATE
K01990.01,Kepler-1041 b,CONFIRMED,CONFIRMED
K04611.01,,FALSE POSITIVE,FALSE POSITIVE
K06184.01,,FALSE POSITIVE,FALSE POSITIVE
K06182.01,,CANDIDATE,CANDIDATE
K04810.01,,CANDIDATE,CANDIDATE
K05076.01,,FALSE POSITIVE,FALSE POSITIVE
K07261.01,,FALSE POSITIVE,FALSE POSITIVE
K06274.01,,CANDIDATE,CANDIDATE
K02702.01,,FALSE POSITIVE,FALSE POSITIVE
K01798.01,,FALSE POSITIVE,FALSE POSITIVE
K02055.04,,CANDIDATE,FALSE POSITIVE
K07883.01,,FALSE POSITIVE,FALSE POSITIVE
K02148.03,Kepler-363 b,CONFIRMED,CANDIDATE
K00691.02,Kepler-647 b,CONFIRMED,CONFIRMED
K02248.03,,CANDIDATE,CONFIRMED
K03011.01,,FALSE POSITIVE,FALSE POSITIVE
K04272.01,,FALSE POSITIVE,FALSE POSITIVE
K03874.01,,FALSE POSITIVE,FALSE POSITIVE
K06681.01,,FALSE POSITIVE,FALSE POSITIVE
K05715.01,,CANDIDATE,CANDIDATE
K05354.01,,FALSE POSITIVE,CANDIDATE
K06542.01,,CANDIDATE,FALSE POSITIVE
K01316.01,Kepler-1743 b,CONFIRMED,CONFIRMED
K01214.01,Kepler-793 b,CONFIRMED,CONFIRMED
K03732.01,,FALSE POSITIVE,FALSE POSITIVE
K02346.01,Kepler-1202 b,CONFIRMED,CONFIRMED
K01238.01,Kepler-797 b,CONFIRMED,CONFIRMED
K02261.01,Kepler-1164 b,CONFIRMED,CONFIRMED
K05045.01,,FALSE POSITIVE,FALSE POSITIVE
K06051.01,,FALSE POSITIVE,FALSE POSITIVE
K02837.01,Kepler-1364 b,CONFIRMED,CONFIRMED
K03592.01,,FALSE POSITIVE,FALSE POSITIVE
K02753.01,Kepler-1338 b,CONFIRMED,CONFIRMED
K03448.01,,CANDIDATE,CONFIRMED
K01858.01,Kepler-985 b,CONFIRMED,CONFIRMED
K04340.01,,FALSE POSITIVE,FALSE POSITIVE
K05603.01,,CANDIDATE,CANDIDATE
K07676.01,,CANDIDATE,CANDIDATE
K02184.01,,FALSE POSITIVE,FALSE POSITIVE
K00500.03,Kepler-80 d,CONFIRMED,CONFIRMED
K04555.01,,CANDIDATE,CANDIDATE
K00404.01,,FALSE POSITIVE,FALSE POSITIVE
K07482.01,,FALSE POSITIVE,FALSE POSITIVE
K00601.02,Kepler-619 d,CONFIRMED,CANDIDATE
K01437.02,,FALSE POSITIVE,FALSE POSITIVE
K04425.01,,FALSE POSITIVE,FALSE POSITIVE
K02134.01,Kepler-1113 b,CONFIRMED,CONFIRMED
K07960.01,,FALSE POSITIVE,FALSE POSITIVE
K01949.01,,FALSE POSITIVE,FALSE POSITIVE
K04011.01,,FALSE POSITIVE,FALSE POSITIVE
K00446.01,Kepler-158 b,CONFIRMED,CONFIRMED
K02805.01,Kepler-1352 b,CONFIRMED,CONFIRMED
K00139.01,Kepler-111 c,CONFIRMED,CONFIRMED
K06234.01,,FALSE POSITIVE,FALSE POSITIVE
K04772.03,,FALSE POSITIVE,CANDIDATE
K03627.02,,FALSE POSITIVE,FALSE POSITIVE
K07330.01,,CANDIDATE,CANDIDATE
K06142.01,,CANDIDATE,CANDIDATE
K03483.01,,CANDIDATE,CANDIDATE
K07244.01,,FALSE POSITIVE,FALSE POSITIVE
K02404.02,,FALSE POSITIVE,FALSE POSITIVE
K05281.01,,CANDIDATE,FALSE POSITIVE
K08047.01,,CANDIDATE,CANDIDATE
K02184.02,,CANDIDATE,CANDIDATE
K05015.01,,FALSE POSITIVE,FALSE POSITIVE
K02668.01,Kepler-1310 b,CONFIRMED,CONFIRMED
K00795.01,Kepler-684 b,CONFIRMED,CONFIRMED
K06874.01,,FALSE POSITIVE,FALSE POSITIVE
K02580.01,Kepler-1281 b,CONFIRMED,CONFIRMED
K03975.01,Kepler-1536 b,CONFIRMED,CONFIRMED
K05825.01,,CANDIDATE,CANDIDATE
K01103.01,,CANDIDATE,CONFIRMED
K03374.02,,CANDIDATE,CANDIDATE
K06634.01,,FALSE POSITIVE,FALSE POSITIVE
K06029.01,,FALSE POSITIVE,FALSE POSITIVE
K01144.01,,FALSE POSITIVE,FALSE POSITIVE
K01596.02,Kepler-309 c,CONFIRMED,CANDIDATE
K08017.01,,FALSE POSITIVE,FALSE POSITIVE
K04297.01,,FALSE POSITIVE,FALSE POSITIVE
K00517.01,Kepler-585 b,CONFIRMED,CONFIRMED
K03261.01,Kepler-1448 b,CONFIRMED,CANDIDATE
K04307.01,,CANDIDATE,CANDIDATE
K02714.01,Kepler-401 b,CONFIRMED,CONFIRMED
K02509.01,Kepler-1263 b,CONFIRMED,CONFIRMED
K02091.01,Kepler-1793 b,CONFIRMED,CONFIRMED
K03701.01,,FALSE POSITIVE,FALSE POSITIVE
K03690.01,,FALSE POSITIVE,FALSE POSITIVE
K08019.01,,FALSE POSITIVE,FALSE POSITIVE
K05891.01,,CANDIDATE,CANDIDATE
K00185.01,,CANDIDATE,FALSE POSITIVE
K06033.01,,FALSE POSITIVE,FALSE POSITIVE
K00752.02,Kepler-227 c,CONFIRMED,CONFIRMED
K04791.01,,FALSE POSITIVE,FALSE POSITIVE
K04689.01,,FALSE POSITIVE,FALSE POSITIVE
K01724.01,Kepler-941 b,CONFIRMED,CONFIRMED
K07157.01,,CANDIDATE,CANDIDATE
K05200.01,,FALSE POSITIVE,FALSE POSITIVE
K01536.01,Kepler-889 b,CONFIRMED,CONFIRMED
K01939.01,Kepler-1021 b,CONFIRMED,CONFIRMED
K01298.02,Kepler-283 c,CONFIRMED,FALSE POSITIVE
K04709.01,,CANDIDATE,CANDIDATE
K00209.01,Kepler-117 c,CONFIRMED,CONFIRMED
K01953.01,,FALSE POSITIVE,FALSE POSITIVE
K00169.01,,FALSE POSITIVE,FALSE POSITIVE
K01334.02,,FALSE POSITIVE,FALSE POSITIVE
K07295.01,,FALSE POSITIVE,FALSE POSITIVE
K07563.01,,FALSE POSITIVE,FALSE POSITIVE
K01900.01,Kepler-1007 b,CONFIRMED,CONFIRMED
K05085.01,,CANDIDATE,CANDIDATE
K06578.01,,FALSE POSITIVE,FALSE POSITIVE
K02859.04,,CANDIDATE,CANDIDATE
K04549.01,,CANDIDATE,CANDIDATE
K01313.01,,FALSE POSITIVE,FALSE POSITIVE
K03267.01,Kepler-1913 b,CONFIRMED,CONFIRMED
K02997.01,,FALSE POSITIVE,FALSE POSITIVE
K03406.01,,FALSE POSITIVE,FALSE POSITIVE
K03929.01,,FALSE POSITIVE,FALSE POSITIVE
K02408.01,Kepler-1227 b,CONFIRMED,CONFIRMED
K00139.02,Kepler-111 b,CONFIRMED,CONFIRMED
K04124.01,,FALSE POSITIVE,FALSE POSITIVE
K08257.01,,CANDIDATE,CANDIDATE
K04110.01,,FALSE POSITIVE,FALSE POSITIVE
K01652.01,,FALSE POSITIVE,FALSE POSITIVE
K04181.02,,FALSE POSITIVE,CANDIDATE
K02749.01,,FALSE POSITIVE,FALSE POSITIVE
K00175.01,,FALSE POSITIVE,FALSE POSITIVE
K05707.01,,CANDIDATE,FALSE POSITIVE
K03149.01,,FALSE POSITIVE,FALSE POSITIVE
K08271.01,,FALSE POSITIVE,FALSE POSITIVE
K01955.03,Kepler-342 e,CONFIRMED,CONFIRMED
K01966.01,,FALSE POSITIVE,FALSE POSITIVE
K05287.01,,CANDIDATE,CONFIRMED
K06013.01,,FALSE POSITIVE,FALSE POSITIVE
K04884.01,,FALSE POSITIVE,FALSE POSITIVE
K03410.02,Kepler-1491 c,CONFIRMED,CANDIDATE
K01291.01,,FALSE POSITIVE,FALSE POSITIVE
K07964.01,,FALSE POSITIVE,FALSE POSITIVE
K06061.01,,FALSE POSITIVE,FALSE POSITIVE
K08120.01,,FALSE POSITIVE,FALSE POSITIVE
K02209.02,,CANDIDATE,CANDIDATE
K02176.01,,FALSE POSITIVE,CANDIDATE
K07644.01,,CANDIDATE,CANDIDATE
K07167.01,,FALSE POSITIVE,FALSE POSITIVE
K01257.01,Kepler-420 b,CONFIRMED,FALSE POSITIVE
K07999.01,,FALSE POSITIVE,FALSE POSITIVE
K06569.01,,FALSE POSITIVE,FALSE POSITIVE
K04411.01,Kepler-1602 b,CONFIRMED,CONFIRMED
K07431.01,,FALSE POSITIVE,FALSE POSITIVE
K00238.01,Kepler-123 b,CONFIRMED,CONFIRMED
K07079.01,,FALSE POSITIVE,FALSE POSITIVE
K01534.02,Kepler-887 c,CONFIRMED,CANDIDATE
K02050.02,,CANDIDATE,CANDIDATE
K04447.01,Kepler-1957 b,CONFIRMED,CONFIRMED
K00611.01,,CANDIDATE,CANDIDATE
K02230.01,,FALSE POSITIVE,FALSE POSITIVE
K07997.01,,FALSE POSITIVE,FALSE POSITIVE
K00776.01,Kepler-673 b,CONFIRMED,CONFIRMED
K05123.01,,FALSE POSITIVE,CANDIDATE
K06073.01,,FALSE POSITIVE,FALSE POSITIVE
K07726.01,,FALSE POSITIVE,FALSE POSITIVE
K07508.01,,FALSE POSITIVE,FALSE POSITIVE
K00295.01,Kepler-134 b,CONFIRMED,CONFIRMED
K00268.01,,CANDIDATE,CONFIRMED
K03184.03,,CANDIDATE,CONFIRMED
K07257.01,,FALSE POSITIVE,FALSE POSITIVE
K05527.01,,FALSE POSITIVE,FALSE POSITIVE
K03026.01,Kepler-1414 b,CONFIRMED,CONFIRMED
K03140.01,Kepler-1910 b,CONFIRMED,CONFIRMED
K03938.01,,FALSE POSITIVE,FALSE POSITIVE
K00277.01,Kepler-36 c,CONFIRMED,CONFIRMED
K02260.01,Kepler-1163 b,CONFIRMED,CONFIRMED
K02776.01,,FALSE POSITIVE,FALSE POSITIVE
K04621.01,,FALSE POSITIVE,FALSE POSITIVE
K07521.02,,FALSE POSITIVE,FALSE POSITIVE
K07544.02,,FALSE POSITIVE,FALSE POSITIVE
K06347.01,,FALSE POSITIVE,FALSE POSITIVE
K05665.01,,CANDIDATE,CANDIDATE
K01956.01,,FALSE POSITIVE,FALSE POSITIVE
K04077.01,,FALSE POSITIVE,FALSE POSITIVE
K02722.05,,CANDIDATE,CANDIDATE
K01779.01,Kepler-318 b,CONFIRMED,CONFIRMED
K03412.01,Kepler-1492 b,CONFIRMED,CONFIRMED
K05970.01,,FALSE POSITIVE,FALSE POSITIVE
K01205.01,Kepler-789 b,CONFIRMED,CONFIRMED
K01134.01,,FALSE POSITIVE,FALSE POSITIVE
K01387.01,,FALSE POSITIVE,FALSE POSITIVE
K01656.01,,CANDIDATE,CONFIRMED
K06358.01,,CANDIDATE,FALSE POSITIVE
K06567.01,,FALSE POSITIVE,FALSE POSITIVE
K06803.01,,FALSE POSITIVE,FALSE POSITIVE
K05659.01,,FALSE POSITIVE,CANDIDATE
K00637.01,,FALSE POSITIVE,FALSE POSITIVE
K05162.01,,CANDIDATE,FALSE POSITIVE
K05811.01,,FALSE POSITIVE,CANDIDATE
K00447.01,,FALSE POSITIVE,FALSE POSITIVE
K07001.01,,FALSE POSITIVE,FALSE POSITIVE
K01569.01,Kepler-892 b,CONFIRMED,CONFIRMED
K00484.01,Kepler-572 b,CONFIRMED,CONFIRMED
K04188.01,Kepler-1947 b,CONFIRMED,CONFIRMED
K00863.01,Kepler-708 b,CONFIRMED,CONFIRMED
K04629.01,,FALSE POSITIVE,FALSE POSITIVE
K02882.02,,FALSE POSITIVE,FALSE POSITIVE
K03437.02,,CANDIDATE,CANDIDATE
K05282.01,,FALSE POSITIVE,FALSE POSITIVE
K01899.01,Kepler-1006 b,CONFIRMED,CONFIRMED
K05092.01,,CANDIDATE,FALSE POSITIVE
K07064.01,,FALSE POSITIVE,FALSE POSITIVE
K07178.01,,FALSE POSITIVE,FALSE POSITIVE
K05551.01,,FALSE POSITIVE,FALSE POSITIVE
K02572.01,,CANDIDATE,CONFIRMED
K03315.01,Kepler-1466 b,CONFIRMED,CONFIRMED
K05771.01,,FALSE POSITIVE,FALSE POSITIVE
K02664.01,Kepler-1309 b,CONFIRMED,CANDIDATE
K03495.02,,CANDIDATE,CANDIDATE
K04511.01,,FALSE POSITIVE,FALSE POSITIVE
K01951.01,Kepler-1025 b,CONFIRMED,CONFIRMED
K07610.01,,FALSE POSITIVE,FALSE POSITIVE
K03988.01,,FALSE POSITIVE,FALSE POSITIVE
K06193.01,,FALSE POSITIVE,FALSE POSITIVE
K00589.01,,FALSE POSITIVE,FALSE POSITIVE
K02093.01,,CANDIDATE,CANDIDATE
K02569.01,,CANDIDATE,CONFIRMED
K07387.01,,FALSE POSITIVE,FALSE POSITIVE
K05889.01,,CANDIDATE,CANDIDATE
K03930.01,,FALSE POSITIVE,FALSE POSITIVE
K06305.01,,FALSE POSITIVE,FALSE POSITIVE
K01617.01,,FALSE POSITIVE,FALSE POSITIVE
K04419.01,,CANDIDATE,CANDIDATE
K06344.01,,FALSE POSITIVE,FALSE POSITIVE
K00896.01,Kepler-248 c,CONFIRMED,CONFIRMED
K04128.01,,FALSE POSITIVE,FALSE POSITIVE
K03413.01,,FALSE POSITIVE,FALSE POSITIVE
K02690.01,Kepler-1870 b,CONFIRMED,CONFIRMED
K06808.01,,FALSE POSITIVE,FALSE POSITIVE
K01314.01,Kepler-815 b,CONFIRMED,CONFIRMED
K02603.01,,CANDIDATE,CANDIDATE
K02806.01,Kepler-1353 b,CONFIRMED,CONFIRMED
K06937.01,,FALSE POSITIVE,FALSE POSITIVE
K04029.01,,FALSE POSITIVE,FALSE POSITIVE
K05371.01,,CANDIDATE,FALSE POSITIVE
K06590.01,,FALSE POSITIVE,FALSE POSITIVE
K01921.01,Kepler-1015 b,CONFIRMED,CONFIRMED
K00375.01,Kepler-1704 b,CONFIRMED,CANDIDATE
K00124.02,Kepler-110 c,CONFIRMED,CONFIRMED
K05974.01,,CANDIDATE,CANDIDATE
K03736.01,,FALSE POSITIVE,FALSE POSITIVE
K02736.01,Kepler-1329 b,CONFIRMED,CONFIRMED
K00798.01,,FALSE POSITIVE,FALSE POSITIVE
K05397.02,,FALSE POSITIVE,CANDIDATE
K03685.01,,FALSE POSITIVE,FALSE POSITIVE
K02729.01,Kepler-1327 b,CONFIRMED,CONFIRMED
K00372.01,Kepler-539 b,CONFIRMED,FALSE POSITIVE
K06328.01,,FALSE POSITIVE,FALSE POSITIVE
K07881.01,,FALSE POSITIVE,FALSE POSITIVE
K02482.01,Kepler-1251 b,CONFIRMED,CONFIRMED
K01499.03,Kepler-865 c,CONFIRMED,CANDIDATE
K07706.01,,CANDIDATE,CANDIDATE
K07267.01,,FALSE POSITIVE,FALSE POSITIVE
K01202.01,Kepler-787 b,CONFIRMED,CONFIRMED
K06401.01,,CANDIDATE,FALSE POSITIVE
K01868.01,Kepler-988 b,CONFIRMED,CONFIRMED
K02725.01,,FALSE POSITIVE,FALSE POSITIVE
K07117.02,,CANDIDATE,CANDIDATE
K08014.01,,FALSE POSITIVE,FALSE POSITIVE
K04283.01,,FALSE POSITIVE,FALSE POSITIVE
K02567.01,,FALSE POSITIVE,FALSE POSITIVE
K04972.01,,CANDIDATE,CANDIDATE
K03734.01,,FALSE POSITIVE,FALSE POSITIVE
K00288.01,Kepler-1714 b,CONFIRMED,CONFIRMED
K07639.01,,FALSE POSITIVE,FALSE POSITIVE
K00573.01,Kepler-188 c,CONFIRMED,CONFIRMED
K00512.01,Kepler-583 b,CONFIRMED,CONFIRMED
K02458.02,Kepler-1245 c,CONFIRMED,CONFIRMED
K08066.01,,FALSE POSITIVE,FALSE POSITIVE
K00106.01,,FALSE POSITIVE,FALSE POSITIVE
K01089.02,Kepler-418 c,CONFIRMED,CONFIRMED
K03837.01,,FALSE POSITIVE,FALSE POSITIVE
K05673.01,,FALSE POSITIVE,FALSE POSITIVE
K05382.01,,FALSE POSITIVE,FALSE POSITIVE
K02450.02,,CANDIDATE,CANDIDATE
K05292.01,,FALSE POSITIVE,FALSE POSITIVE
K03573.01,,FALSE POSITIVE,FALSE POSITIVE
K04635.01,,FALSE POSITIVE,FALSE POSITIVE
K01696.01,,FALSE POSITIVE,FALSE POSITIVE
K00649.02,,CANDIDATE,CANDIDATE
K04585.01,Kepler-1616 b,CONFIRMED,CANDIDATE
K06442.01,,FALSE POSITIVE,FALSE POSITIVE
K02503.01,Kepler-1846 b,CONFIRMED,CONFIRMED
K00244.01,Kepler-25 c,CONFIRMED,CONFIRMED
K07449.01,,CANDIDATE,CANDIDATE
K07260.01,,FALSE POSITIVE,FALSE POSITIVE
K03021.01,,FALSE POSITIVE,FALSE POSITIVE
K01231.01,,FALSE POSITIVE,FALSE POSITIVE
K00732.02,,CANDIDATE,CONFIRMED
K01992.03,Kepler-347 d,CONFIRMED,FALSE POSITIVE
K01396.02,Kepler-294 b,CONFIRMED,CONFIRMED
K01150.01,Kepler-780 b,CONFIRMED,CONFIRMED
K07333.01,,FALSE POSITIVE,FALSE POSITIVE
K00137.03,Kepler-18 b,CONFIRMED,CONFIRMED
K07011.01,,FALSE POSITIVE,FALSE POSITIVE
K08181.01,,FALSE POSITIVE,FALSE POSITIVE
K03330.01,Kepler-1470 b,CONFIRMED,CONFIRMED
K01001.01,Kepler-264 b,CONFIRMED,CONFIRMED
K00429.01,Kepler-550 b,CONFIRMED,CONFIRMED
K00277.02,Kepler-36 b,CONFIRMED,FALSE POSITIVE
K00806.01,Kepler-30 d,CONFIRMED,CONFIRMED
K05928.01,,CANDIDATE,FALSE POSITIVE
K03482.01,Kepler-1924 b,CONFIRMED,CANDIDATE
K07473.01,,FALSE POSITIVE,FALSE POSITIVE
K01339.01,Kepler-823 b,CONFIRMED,CONFIRMED
K00356.01,Kepler-536 b,CONFIRMED,CONFIRMED
K05561.01,,FALSE POSITIVE,FALSE POSITIVE
K05230.01,,CANDIDATE,CANDIDATE
K06195.01,,CANDIDATE,FALSE POSITIVE
K06287.01,,FALSE POSITIVE,FALSE POSITIVE
K02436.01,Kepler-1237 b,CONFIRMED,CONFIRMED
K05753.01,,FALSE POSITIVE,FALSE POSITIVE
K03355.01,,CANDIDATE,CANDIDATE
K08006.01,,FALSE POSITIVE,FALSE POSITIVE
K03290.01,,FALSE POSITIVE,FALSE POSITIVE
K06481.01,,FALSE POSITIVE,FALSE POSITIVE
K00979.01,,FALSE POSITIVE,FALSE POSITIVE
K07917.01,,FALSE POSITIVE,FALSE POSITIVE
K07846.01,,CANDIDATE,CANDIDATE
K06441.01,,FALSE POSITIVE,FALSE POSITIVE
K00520.04,Kepler-176 e,CONFIRMED,CANDIDATE
K02167.01,Kepler-1129 b,CONFIRMED,CONFIRMED
K00951.01,Kepler-258 b,CONFIRMED,CONFIRMED
K03010.01,Kepler-1410 b,CONFIRMED,CONFIRMED
K00953.01,Kepler-740 b,CONFIRMED,CONFIRMED
K07032.01,,CANDIDATE,CANDIDATE
K06038.01,,FALSE POSITIVE,FALSE POSITIVE
K07534.01,,CANDIDATE,CANDIDATE
K07004.01,,FALSE POSITIVE,FALSE POSITIVE
K02448.01,Kepler-1242 b,CONFIRMED,CONFIRMED
K06021.01,,FALSE POSITIVE,FALSE POSITIVE
K00947.01,Kepler-737 b,CONFIRMED,CONFIRMED
K03579.01,,FALSE POSITIVE,FALSE POSITIVE
K02079.01,Kepler-1087 b,CONFIRMED,CONFIRMED
K03019.02,,CANDIDATE,CANDIDATE
K01432.01,Kepler-299 c,CONFIRMED,CONFIRMED
K02900.01,,CANDIDATE,CONFIRMED
K05960.01,,CANDIDATE,CANDIDATE
K00789.01,,FALSE POSITIVE,CANDIDATE
K02665.01,,FALSE POSITIVE,FALSE POSITIVE
K07297.01,,FALSE POSITIVE,FALSE POSITIVE
K05232.01,,FALSE POSITIVE,CANDIDATE
K01402.01,Kepler-832 b,CONFIRMED,CONFIRMED
K07757.01,,FALSE POSITIVE,CANDIDATE
K06774.01,,CANDIDATE,CANDIDATE
K05088.01,,CANDIDATE,CANDIDATE
K00157.02,Kepler-11 d,CONFIRMED,CONFIRMED
K01650.01,Kepler-920 b,CONFIRMED,CONFIRMED
K08038.01,,FALSE POSITIVE,FALSE POSITIVE
K08279.01,,CANDIDATE,FALSE POSITIVE
K05901.01,,CANDIDATE,CANDIDATE
K05875.01,Kepler-1639 b,CONFIRMED,CONFIRMED
K02064.01,,CANDIDATE,CONFIRMED
K02189.01,,CANDIDATE,CONFIRMED
K02598.01,,CANDIDATE,CONFIRMED
K05564.01,,FALSE POSITIVE,FALSE POSITIVE
K02674.03,Kepler-1311 c,CONFIRMED,CONFIRMED
K06185.01,,FALSE POSITIVE,FALSE POSITIVE
K01218.01,Kepler-795 b,CONFIRMED,CONFIRMED
K02722.02,Kepler-402 e,CONFIRMED,CONFIRMED
K01262.01,,FALSE POSITIVE,FALSE POSITIVE
K03727.01,,FALSE POSITIVE,FALSE POSITIVE
K00509.02,Kepler-171 c,CONFIRMED,CONFIRMED
K02299.01,Kepler-1819 b,CONFIRMED,CANDIDATE
K00619.01,,FALSE POSITIVE,FALSE POSITIVE
K06491.01,,FALSE POSITIVE,FALSE POSITIVE
K03145.01,Kepler-1977 b,CONFIRMED,CANDIDATE
K02639.02,,CANDIDATE,CANDIDATE
K03196.02,,CANDIDATE,CANDIDATE
K06107.01,,FALSE POSITIVE,FALSE POSITIVE
K06905.01,,FALSE POSITIVE,FALSE POSITIVE
K02548.01,,CANDIDATE,FALSE POSITIVE
K05197.01,,FALSE POSITIVE,FALSE POSITIVE
K03707.01,,FALSE POSITIVE,FALSE POSITIVE
K04122.01,,FALSE POSITIVE,FALSE POSITIVE
K01190.01,,FALSE POSITIVE,FALSE POSITIVE
K04113.01,,FALSE POSITIVE,FALSE POSITIVE
K07747.01,,FALSE POSITIVE,FALSE POSITIVE
K07608.01,,FALSE POSITIVE,FALSE POSITIVE
K00687.01,,CANDIDATE,CANDIDATE
K08222.01,,FALSE POSITIVE,CANDIDATE
K01177.01,,FALSE POSITIVE,FALSE POSITIVE
K07306.01,,FALSE POSITIVE,FALSE POSITIVE
K03833.01,,FALSE POSITIVE,FALSE POSITIVE
K03655.01,,FALSE POSITIVE,FALSE POSITIVE
K00633.01,Kepler-630 b,CONFIRMED,CONFIRMED
K04081.01,,FALSE POSITIVE,FALSE POSITIVE
K05843.01,,FALSE POSITIVE,CANDIDATE
K04545.01,,CANDIDATE,CANDIDATE
K04701.01,,FALSE POSITIVE,FALSE POSITIVE
K01647.03,,CANDIDATE,CANDIDATE
K04304.01,Kepler-1587 b,CONFIRMED,CANDIDATE
K03121.01,,FALSE POSITIVE,FALSE POSITIVE
K06570.01,,CANDIDATE,CANDIDATE
K01151.03,Kepler-271 d,CONFIRMED,CANDIDATE
K01950.01,Kepler-1024 b,CONFIRMED,CONFIRMED
K00474.01,Kepler-164 c,CONFIRMED,CONFIRMED
K05568.01,Kepler-1633 b,CONFIRMED,CANDIDATE
K03686.01,,FALSE POSITIVE,FALSE POSITIVE
K07112.01,,FALSE POSITIVE,FALSE POSITIVE
K01829.01,,FALSE POSITIVE,FALSE POSITIVE
K04632.01,,CANDIDATE,CANDIDATE
K01925.01,Kepler-409 b,CONFIRMED,CONFIRMED
K05492.01,,FALSE POSITIVE,FALSE POSITIVE
K03615.01,,FALSE POSITIVE,FALSE POSITIVE
K05560.01,,FALSE POSITIVE,CANDIDATE
K00117.04,Kepler-107 d,CONFIRMED,CONFIRMED
K06649.01,,FALSE POSITIVE,FALSE POSITIVE
K00552.01,,FALSE POSITIVE,FALSE POSITIVE
K02254.01,,FALSE POSITIVE,FALSE POSITIVE
K08225.01,,FALSE POSITIVE,FALSE POSITIVE
K02819.01,,FALSE POSITIVE,FALSE POSITIVE
K07404.01,,CANDIDATE,CANDIDATE
K02018.02,,CANDIDATE,CANDIDATE
K01126.01,,FALSE POSITIVE,FALSE POSITIVE
K06071.01,,FALSE POSITIVE,FALSE POSITIVE
K02278.02,Kepler-376 b,CONFIRMED,CONFIRMED
K03760.01,,FALSE POSITIVE,FALSE POSITIVE
K05446.01,,CANDIDATE,CANDIDATE
K01541.01,,FALSE POSITIVE,FALSE POSITIVE
K06024.01,,FALSE POSITIVE,FALSE POSITIVE
K07294.01,,FALSE POSITIVE,FALSE POSITIVE
K00681.01,,FALSE POSITIVE,FALSE POSITIVE
K01058.01,,FALSE POSITIVE,CANDIDATE
K01916.03,Kepler-336 b,CONFIRMED,CONFIRMED
K01708.01,,CANDIDATE,CONFIRMED
K00167.01,Kepler-480 b,CONFIRMED,CONFIRMED
K00877.02,Kepler-81 c,CONFIRMED,CONFIRMED
K03467.01,,FALSE POSITIVE,FALSE POSITIVE
K08039.01,,CANDIDATE,CANDIDATE
K07607.01,,CANDIDATE,FALSE POSITIVE
K04583.01,,CANDIDATE,FALSE POSITIVE
K06902.01,,FALSE POSITIVE,CANDIDATE
K04871.02,,CANDIDATE,CANDIDATE
K07791.01,,CANDIDATE,CANDIDATE
K02536.01,Kepler-1272 b,CONFIRMED,CONFIRMED
K04602.01,,CANDIDATE,CANDIDATE
K03039.01,Kepler-1417 b,CONFIRMED,CONFIRMED
K07548.01,,FALSE POSITIVE,FALSE POSITIVE
K00244.02,Kepler-25 b,CONFIRMED,CONFIRMED
K07890.01,,FALSE POSITIVE,FALSE POSITIVE
K06468.01,,FALSE POSITIVE,FALSE POSITIVE
K06112.01,,FALSE POSITIVE,FALSE POSITIVE
K03094.01,Kepler-1904 b,CONFIRMED,CONFIRMED
K00303.01,Kepler-517 b,CONFIRMED,CONFIRMED
K00965.01,,FALSE POSITIVE,FALSE POSITIVE
K02125.01,Kepler-1797 b,CONFIRMED,CONFIRMED
K00836.01,,FALSE POSITIVE,FALSE POSITIVE
K00230.01,,FALSE POSITIVE,FALSE POSITIVE
K00282.01,Kepler-130 c,CONFIRMED,CONFIRMED
K04622.01,Kepler-441 b,CONFIRMED,CANDIDATE
K02528.01,Kepler-1851 b,CONFIRMED,CONFIRMED
K00354.01,Kepler-534 b,CONFIRMED,CONFIRMED
K07190.01,,FALSE POSITIVE,FALSE POSITIVE
K01431.01,,CANDIDATE,CONFIRMED
K04380.01,,FALSE POSITIVE,FALSE POSITIVE
K07088.01,,CANDIDATE,CANDIDATE
K06673.01,,FALSE POSITIVE,FALSE POSITIVE
K04507.01,,FALSE POSITIVE,FALSE POSITIVE
K03464.01,,FALSE POSITIVE,FALSE POSITIVE
K07851.01,,FALSE POSITIVE,FALSE POSITIVE
K06878.01,,CANDIDATE,CANDIDATE
K06244.01,,FALSE POSITIVE,FALSE POSITIVE
K00605.01,Kepler-621 b,CONFIRMED,CONFIRMED
K03879.01,,FALSE POSITIVE,FALSE POSITIVE
K00788.01,Kepler-681 b,CONFIRMED,CONFIRMED
K00283.01,Kepler-131 b,CONFIRMED,CONFIRMED
K00824.01,Kepler-693 b,CONFIRMED,CONFIRMED
K03323.01,,CANDIDATE,CONFIRMED
K00989.04,,FALSE POSITIVE,FALSE POSITIVE
K02150.01,Kepler-1979 b,CONFIRMED,CANDIDATE
K04084.01,Kepler-1549 b,CONFIRMED,CONFIRMED
K00287.01,,FALSE POSITIVE,FALSE POSITIVE
K05514.01,,CANDIDATE,CANDIDATE
K05725.01,,CANDIDATE,FALSE POSITIVE
K05351.01,,FALSE POSITIVE,FALSE POSITIVE
K00669.01,,FALSE POSITIVE,FALSE POSITIVE
K04298.01,,CANDIDATE,CANDIDATE
K04520.01,,CANDIDATE,CANDIDATE
K04809.01,,FALSE POSITIVE,FALSE POSITIVE
K06261.01,,FALSE POSITIVE,FALSE POSITIVE
K03562.01,,FALSE POSITIVE,FALSE POSITIVE
K03129.01,,FALSE POSITIVE,FALSE POSITIVE
K07586.01,,FALSE POSITIVE,FALSE POSITIVE
K07776.01,,CANDIDATE,CANDIDATE
K07547.01,,FALSE POSITIVE,FALSE POSITIVE
K03544.01,,FALSE POSITIVE,FALSE POSITIVE
K06289.01,,FALSE POSITIVE,FALSE POSITIVE
K05690.01,,CANDIDATE,CANDIDATE
K06003.01,,FALSE POSITIVE,FALSE POSITIVE
K00271.02,Kepler-127 c,CONFIRMED,CONFIRMED
K07950.01,,FALSE POSITIVE,FALSE POSITIVE
K07817.01,,FALSE POSITIVE,FALSE POSITIVE
K05869.01,,CANDIDATE,CANDIDATE
K00351.03,Kepler-90 d,CONFIRMED,CONFIRMED
K03853.01,,FALSE POSITIVE,FALSE POSITIVE
K00254.01,Kepler-45 b,CONFIRMED,CONFIRMED
K04808.01,,CANDIDATE,CANDIDATE
K06474.01,,FALSE POSITIVE,FALSE POSITIVE
K03013.01,,CANDIDATE,CONFIRMED
K06959.01,,FALSE POSITIVE,FALSE POSITIVE
K03461.01,,FALSE POSITIVE,FALSE POSITIVE
K02917.01,,FALSE POSITIVE,FALSE POSITIVE
K01003.01,,FALSE POSITIVE,FALSE POSITIVE
K03425.02,Kepler-1921 c,CONFIRMED,CANDIDATE
K06616.01,,FALSE POSITIVE,FALSE POSITIVE
K01563.02,Kepler-305 c,CONFIRMED,CONFIRMED
K02721.01,Kepler-1325 b,CONFIRMED,CONFIRMED
K01264.01,Kepler-800 b,CONFIRMED,CONFIRMED
K06237.02,,CANDIDATE,CANDIDATE
K03954.02,Kepler-1534 b,CONFIRMED,CONFIRMED
K05104.01,,CANDIDATE,CANDIDATE
K02331.01,Kepler-1193 b,CONFIRMED,CONFIRMED
K04281.01,,FALSE POSITIVE,FALSE POSITIVE
K03585.01,,FALSE POSITIVE,FALSE POSITIVE
K05042.01,,FALSE POSITIVE,FALSE POSITIVE
K03953.01,,FALSE POSITIVE,FALSE POSITIVE
K02100.01,Kepler-1095 b,CONFIRMED,CONFIRMED
K05481.01,,FALSE POSITIVE,FALSE POSITIVE
K01914.01,Kepler-1013 b,CONFIRMED,CONFIRMED
K07571.01,,FALSE POSITIVE,FALSE POSITIVE
K08177.01,,FALSE POSITIVE,FALSE POSITIVE
K04913.01,,CANDIDATE,CANDIDATE
K01931.02,Kepler-339 d,CONFIRMED,CONFIRMED
K01161.02,Kepler-272 d,CONFIRMED,CONFIRMED
K06806.01,,FALSE POSITIVE,FALSE POSITIVE
K06235.01,,FALSE POSITIVE,FALSE POSITIVE
K00904.04,Kepler-55 e,CONFIRMED,CONFIRMED
K07045.01,,FALSE POSITIVE,FALSE POSITIVE
K04927.01,,FALSE POSITIVE,FALSE POSITIVE
K07870.01,,CANDIDATE,CANDIDATE
K06765.02,,FALSE POSITIVE,CANDIDATE
K01336.02,Kepler-58 c,CONFIRMED,CONFIRMED
K04245.01,,CANDIDATE,CONFIRMED
K02256.01,Kepler-1161 b,CONFIRMED,CONFIRMED
K08217.01,,CANDIDATE,FALSE POSITIVE
K07647.01,,FALSE POSITIVE,FALSE POSITIVE
K01865.01,,FALSE POSITIVE,FALSE POSITIVE
K04925.01,,FALSE POSITIVE,FALSE POSITIVE
K02693.01,Kepler-398 b,CONFIRMED,CONFIRMED
K05730.01,,FALSE POSITIVE,FALSE POSITIVE
K08020.01,,FALSE POSITIVE,FALSE POSITIVE
K00100.01,,CANDIDATE,CANDIDATE
K01831.02,Kepler-324 b,CONFIRMED,CONFIRMED
K06384.01,,CANDIDATE,FALSE POSITIVE
K05108.01,,FALSE POSITIVE,FALSE POSITIVE
K02322.01,,FALSE POSITIVE,FALSE POSITIVE
K06723.01,,FALSE POSITIVE,FALSE POSITIVE
K00085.03,Kepler-65 d,CONFIRMED,CONFIRMED
K05695.01,,FALSE POSITIVE,FALSE POSITIVE
K01322.01,,FALSE POSITIVE,FALSE POSITIVE
K03758.01,,FALSE POSITIVE,FALSE POSITIVE
K05127.01,,FALSE POSITIVE,FALSE POSITIVE
K04532.01,,FALSE POSITIVE,FALSE POSITIVE
K08090.01,,FALSE POSITIVE,FALSE POSITIVE
K04821.01,,FALSE POSITIVE,FALSE POSITIVE
K00144.01,Kepler-472 b,CONFIRMED,CONFIRMED
K05216.01,,CANDIDATE,CANDIDATE
K06353.01,,CANDIDATE,CANDIDATE
K03141.01,Kepler-1438 b,CONFIRMED,CANDIDATE
K05235.01,,FALSE POSITIVE,CANDIDATE
K06388.01,,FALSE POSITIVE,FALSE POSITIVE
K06145.01,Kepler-1641 b,CONFIRMED,CONFIRMED
K00500.01,Kepler-80 b,CONFIRMED,CONFIRMED
K02250.01,Kepler-1814 b,CONFIRMED,CONFIRMED
K00954.01,Kepler-259 b,CONFIRMED,CONFIRMED
K04034.01,Kepler-1543 b,CONFIRMED,CANDIDATE
K03529.01,,FALSE POSITIVE,FALSE POSITIVE
K07702.01,,FALSE POSITIVE,FALSE POSITIVE
K00113.01,,FALSE POSITIVE,CANDIDATE
K06924.01,,FALSE POSITIVE,FALSE POSITIVE
K00075.01,,CANDIDATE,CONFIRMED
K02876.01,,CANDIDATE,FALSE POSITIVE
K08211.01,,CANDIDATE,CANDIDATE
K06526.01,,CANDIDATE,CANDIDATE
K03484.01,Kepler-1510 b,CONFIRMED,CONFIRMED
K00692.02,Kepler-213 c,CONFIRMED,CONFIRMED
K07735.01,,CANDIDATE,CANDIDATE
K01955.01,Kepler-342 b,CONFIRMED,CONFIRMED
K02533.01,Kepler-1270 b,CONFIRMED,CANDIDATE
K07424.01,,FALSE POSITIVE,FALSE POSITIVE
K02183.01,Kepler-370 c,CONFIRMED,CONFIRMED
K03210.01,,FALSE POSITIVE,FALSE POSITIVE
K01603.01,Kepler-904 b,CONFIRMED,CONFIRMED
K04530.01,,CANDIDATE,CANDIDATE
K03747.01,,FALSE POSITIVE,FALSE POSITIVE
K02744.01,Kepler-1333 b,CONFIRMED,CONFIRMED
K01944.02,,FALSE POSITIVE,FALSE POSITIVE
K00217.01,Kepler-71 b,CONFIRMED,CONFIRMED
K00656.01,,FALSE POSITIVE,FALSE POSITIVE
K07630.01,,CANDIDATE,CANDIDATE
K06814.01,,FALSE POSITIVE,FALSE POSITIVE
K00998.01,,FALSE POSITIVE,FALSE POSITIVE
K08189.01,,FALSE POSITIVE,FALSE POSITIVE
K05587.01,,FALSE POSITIVE,FALSE POSITIVE
K06944.01,,FALSE POSITIVE,FALSE POSITIVE
K04074.01,,FALSE POSITIVE,FALSE POSITIVE
K06232.01,,FALSE POSITIVE,FALSE POSITIVE
K04803.01,Kepler-1623 b,CONFIRMED,CONFIRMED
K03239.01,,FALSE POSITIVE,FALSE POSITIVE
K02028.02,Kepler-351 b,CONFIRMED,CONFIRMED
K04567.02,,CANDIDATE,CANDIDATE
K04396.01,,FALSE POSITIVE,FALSE POSITIVE
K03774.01,,FALSE POSITIVE,FALSE POSITIVE
K02750.01,,CANDIDATE,CANDIDATE
K01015.01,Kepler-750 b,CONFIRMED,CONFIRMED
K01360.03,Kepler-290 d,CONFIRMED,CANDIDATE
K03861.01,,FALSE POSITIVE,FALSE POSITIVE
K01805.02,Kepler-319 d,CONFIRMED,CONFIRMED
K00877.01,Kepler-81 b,CONFIRMED,CONFIRMED
K03584.01,,FALSE POSITIVE,FALSE POSITIVE
K00675.01,,FALSE POSITIVE,FALSE POSITIVE
K07236.01,,CANDIDATE,CANDIDATE
K02945.01,Kepler-1887 b,CONFIRMED,CONFIRMED
K03789.01,,FALSE POSITIVE,FALSE POSITIVE
K03444.02,,CANDIDATE,CANDIDATE
K01955.02,Kepler-342 d,CONFIRMED,CONFIRMED
K04023.01,,FALSE POSITIVE,FALSE POSITIVE
K05669.01,,FALSE POSITIVE,FALSE POSITIVE
K00864.01,Kepler-244 b,CONFIRMED,CONFIRMED
K02055.03,Kepler-1073 d,CONFIRMED,CONFIRMED
K02699.01,Kepler-1317 b,CONFIRMED,CONFIRMED
K05426.01,,CANDIDATE,CONFIRMED
K04923.01,,CANDIDATE,CANDIDATE
K01835.02,Kepler-326 b,CONFIRMED,CONFIRMED
K05417.01,,FALSE POSITIVE,FALSE POSITIVE
K03644.01,,FALSE POSITIVE,FALSE POSITIVE
K00870.02,Kepler-28 c,CONFIRMED,CONFIRMED
K02289.01,Kepler-379 c,CONFIRMED,CONFIRMED
K07892.01,Kepler-457 d,CONFIRMED,CONFIRMED
K01945.02,,CANDIDATE,FALSE POSITIVE
K03547.01,,FALSE POSITIVE,FALSE POSITIVE
K07388.01,,FALSE POSITIVE,FALSE POSITIVE
K01823.02,,FALSE POSITIVE,FALSE POSITIVE
K05336.01,,CANDIDATE,CANDIDATE
K02618.01,,FALSE POSITIVE,FALSE POSITIVE
K02578.01,,CANDIDATE,CANDIDATE
K00721.01,Kepler-654 b,CONFIRMED,CONFIRMED
K01740.01,,FALSE POSITIVE,FALSE POSITIVE
K02349.01,,FALSE POSITIVE,FALSE POSITIVE
K00671.01,Kepler-208 b,CONFIRMED,CONFIRMED
K01365.01,,FALSE POSITIVE,FALSE POSITIVE
K02227.01,Kepler-1151 b,CONFIRMED,CONFIRMED
K06030.01,,FALSE POSITIVE,FALSE POSITIVE
K06194.01,,CANDIDATE,FALSE POSITIVE
K01170.01,Kepler-1739 b,CONFIRMED,CANDIDATE
K04394.01,,FALSE POSITIVE,FALSE POSITIVE
K06083.01,,FALSE POSITIVE,FALSE POSITIVE
K04064.01,,FALSE POSITIVE,FALSE POSITIVE
K02842.03,Kepler-446 c,CONFIRMED,CONFIRMED
K02963.01,Kepler-1396 b,CONFIRMED,CONFIRMED
K03040.01,,CANDIDATE,CANDIDATE
K03737.01,,FALSE POSITIVE,FALSE POSITIVE
K08184.01,,FALSE POSITIVE,FALSE POSITIVE
K00915.01,,FALSE POSITIVE,FALSE POSITIVE
K06706.01,,FALSE POSITIVE,CANDIDATE
K01015.02,Kepler-750 c,CONFIRMED,CONFIRMED
K02403.01,Kepler-1224 b,CONFIRMED,CONFIRMED
K03203.01,,CANDIDATE,CONFIRMED
K03973.01,,FALSE POSITIVE,FALSE POSITIVE
K02187.01,,FALSE POSITIVE,FALSE POSITIVE
K03681.02,Kepler-1514 c,CONFIRMED,CONFIRMED
K07510.01,,CANDIDATE,CANDIDATE
K07811.01,,FALSE POSITIVE,FALSE POSITIVE
K00700.01,Kepler-215 d,CONFIRMED,CONFIRMED
K06219.01,,FALSE POSITIVE,FALSE POSITIVE
K04831.01,,FALSE POSITIVE,FALSE POSITIVE
K05490.01,,FALSE POSITIVE,FALSE POSITIVE
K04070.01,,FALSE POSITIVE,FALSE POSITIVE
K01196.02,Kepler-274 b,CONFIRMED,CONFIRMED
K00482.01,,FALSE POSITIVE,FALSE POSITIVE
K04665.01,,FALSE POSITIVE,CANDIDATE
K05065.01,,FALSE POSITIVE,CANDIDATE
K07049.01,,FALSE POSITIVE,FALSE POSITIVE
K06266.01,,FALSE POSITIVE,FALSE POSITIVE
K06731.01,,CANDIDATE,CANDIDATE
K04084.02,,CANDIDATE,CANDIDATE
K05689.01,,CANDIDATE,FALSE POSITIVE
K02574.01,,FALSE POSITIVE,FALSE POSITIVE
K05498.01,,FALSE POSITIVE,FALSE POSITIVE
K03347.01,Kepler-1917 b,CONFIRMED,CONFIRMED
K05738.01,,FALSE POSITIVE,FALSE POSITIVE
K06485.01,,FALSE POSITIVE,FALSE POSITIVE
K07354.01,,CANDIDATE,CANDIDATE
K08100.01,,FALSE POSITIVE,FALSE POSITIVE
K00712.01,,FALSE POSITIVE,FALSE POSITIVE
K03524.01,,FALSE POSITIVE,FALSE POSITIVE
K04288.01,Kepler-1581 b,CONFIRMED,CONFIRMED
K07183.01,,FALSE POSITIVE,FALSE POSITIVE
K08149.01,,FALSE POSITIVE,CANDIDATE
K00304.01,Kepler-518 b,CONFIRMED,CONFIRMED
K03752.01,,FALSE POSITIVE,FALSE POSITIVE
K07929.01,,FALSE POSITIVE,FALSE POSITIVE
K06444.01,,FALSE POSITIVE,FALSE POSITIVE
K05655.01,,FALSE POSITIVE,CANDIDATE
K06281.01,,FALSE POSITIVE,FALSE POSITIVE
K01589.05,Kepler-84 f,CONFIRMED,CONFIRMED
K03405.01,,FALSE POSITIVE,FALSE POSITIVE
K02177.01,Kepler-1132 b,CONFIRMED,CONFIRMED
K02175.01,Kepler-368 b,CONFIRMED,CONFIRMED
K05017.01,,FALSE POSITIVE,CANDIDATE
K05876.01,,CANDIDATE,CANDIDATE
K05680.01,,CANDIDATE,CANDIDATE
K00980.01,,FALSE POSITIVE,FALSE POSITIVE
K07612.01,,FALSE POSITIVE,FALSE POSITIVE
K00432.01,Kepler-552 b,CONFIRMED,CONFIRMED
K05619.01,,FALSE POSITIVE,FALSE POSITIVE
K05457.01,,CANDIDATE,CANDIDATE
K01933.01,Kepler-1018 b,CONFIRMED,CONFIRMED
K06819.01,,CANDIDATE,FALSE POSITIVE
K07675.01,,FALSE POSITIVE,FALSE POSITIVE
K03053.02,,CANDIDATE,CANDIDATE
K07075.01,,FALSE POSITIVE,FALSE POSITIVE
K06088.01,,FALSE POSITIVE,FALSE POSITIVE
K08244.01,,FALSE POSITIVE,FALSE POSITIVE
K01945.01,Kepler-1023 b,CONFIRMED,CONFIRMED
K04565.01,,FALSE POSITIVE,FALSE POSITIVE
K07220.01,,CANDIDATE,CONFIRMED
K05910.01,,CANDIDATE,CANDIDATE
K02154.01,Kepler-1799 b,CONFIRMED,CONFIRMED
K01645.01,,FALSE POSITIVE,FALSE POSITIVE
K03982.01,,FALSE POSITIVE,FALSE POSITIVE
K00478.01,Kepler-568 b,CONFIRMED,CONFIRMED
K06432.01,,FALSE POSITIVE,FALSE POSITIVE
K00921.01,Kepler-253 c,CONFIRMED,CONFIRMED
K01978.01,Kepler-346 b,CONFIRMED,CONFIRMED
K05004.01,,CANDIDATE,CANDIDATE
K00015.01,,FALSE POSITIVE,FALSE POSITIVE
K04999.01,,CANDIDATE,CANDIDATE
K07511.01,,FALSE POSITIVE,FALSE POSITIVE
K01418.01,,FALSE POSITIVE,FALSE POSITIVE
K04436.01,,FALSE POSITIVE,FALSE POSITIVE
K04282.01,,FALSE POSITIVE,FALSE POSITIVE
K04693.01,Kepler-1619 b,CONFIRMED,CANDIDATE
K05035.01,,CANDIDATE,FALSE POSITIVE
K06538.01,,CANDIDATE,CANDIDATE
K02167.02,,CANDIDATE,FALSE POSITIVE
K03324.01,Kepler-1469 b,CONFIRMED,CONFIRMED
K07841.01,,FALSE POSITIVE,FALSE POSITIVE
K00469.01,,CANDIDATE,CANDIDATE
K02732.04,,CANDIDATE,CANDIDATE
K02116.01,Kepler-1106 b,CONFIRMED,CONFIRMED
K03645.01,,FALSE POSITIVE,FALSE POSITIVE
K05385.01,,CANDIDATE,FALSE POSITIVE
K05414.01,,FALSE POSITIVE,FALSE POSITIVE
K00414.02,,FALSE POSITIVE,FALSE POSITIVE
K05177.01,,FALSE POSITIVE,FALSE POSITIVE
K08129.01,,FALSE POSITIVE,FALSE POSITIVE
K01915.01,Kepler-335 b,CONFIRMED,CONFIRMED
K02004.01,Kepler-1047 b,CONFIRMED,CONFIRMED
K05273.01,,FALSE POSITIVE,FALSE POSITIVE
K00339.02,Kepler-529 c,CONFIRMED,CONFIRMED
K04773.02,,CANDIDATE,CANDIDATE
K05137.01,,FALSE POSITIVE,FALSE POSITIVE
K00874.02,Kepler-246 c,CONFIRMED,CONFIRMED
K06318.01,,CANDIDATE,CANDIDATE
K03631.01,,FALSE POSITIVE,FALSE POSITIVE
K04276.01,Kepler-1580 b,CONFIRMED,CANDIDATE
K01479.01,,FALSE POSITIVE,FALSE POSITIVE
K01549.01,,CANDIDATE,FALSE POSITIVE
K04009.01,Kepler-1538 b,CONFIRMED,CONFIRMED
K01088.01,,FALSE POSITIVE,FALSE POSITIVE
K02947.01,,FALSE POSITIVE,FALSE POSITIVE
K03403.02,Kepler-1488 c,CONFIRMED,CONFIRMED
K05543.01,,FALSE POSITIVE,CANDIDATE
K03024.01,,FALSE POSITIVE,FALSE POSITIVE
K05183.01,,FALSE POSITIVE,FALSE POSITIVE
K07253.01,,FALSE POSITIVE,FALSE POSITIVE
K01608.01,Kepler-311 b,CONFIRMED,CONFIRMED
K07251.01,,FALSE POSITIVE,FALSE POSITIVE
K05526.01,,FALSE POSITIVE,CANDIDATE
K01839.02,,CANDIDATE,CONFIRMED
K00834.02,Kepler-238 d,CONFIRMED,CONFIRMED
K07976.01,,CANDIDATE,CANDIDATE
K07661.01,,FALSE POSITIVE,FALSE POSITIVE
K00703.01,,FALSE POSITIVE,FALSE POSITIVE
K06194.02,,FALSE POSITIVE,CANDIDATE
K01599.01,Kepler-1659 c,CONFIRMED,CONFIRMED
K00348.01,Kepler-533 b,CONFIRMED,CONFIRMED
K04171.01,,FALSE POSITIVE,FALSE POSITIVE
K06507.01,,FALSE POSITIVE,FALSE POSITIVE
K08138.01,,FALSE POSITIVE,FALSE POSITIVE
K01559.01,,FALSE POSITIVE,FALSE POSITIVE
K06270.01,,FALSE POSITIVE,FALSE POSITIVE
K03394.01,,CANDIDATE,CONFIRMED
K02824.01,,FALSE POSITIVE,FALSE POSITIVE
K07082.01,,FALSE POSITIVE,FALSE POSITIVE
K05349.01,,FALSE POSITIVE,CANDIDATE
K05028.01,,FALSE POSITIVE,FALSE POSITIVE
K03622.01,,FALSE POSITIVE,FALSE POSITIVE
K03157.01,,FALSE POSITIVE,FALSE POSITIVE
K05186.01,,FALSE POSITIVE,FALSE POSITIVE
K00152.01,Kepler-79 d,CONFIRMED,CONFIRMED
K06541.01,,FALSE POSITIVE,FALSE POSITIVE
K04863.01,,FALSE POSITIVE,FALSE POSITIVE
K07155.01,,FALSE POSITIVE,FALSE POSITIVE
K01830.02,Kepler-967 c,CONFIRMED,CONFIRMED
K04902.01,,CANDIDATE,CANDIDATE
K06199.01,,FALSE POSITIVE,CANDIDATE
K06028.01,,FALSE POSITIVE,FALSE POSITIVE
K00082.04,Kepler-102 c,CONFIRMED,CONFIRMED
K04700.01,,CANDIDATE,CANDIDATE
K05007.02,,CANDIDATE,CANDIDATE
K04577.01,,CANDIDATE,CANDIDATE
K02857.02,Kepler-1370 c,CONFIRMED,CONFIRMED
K03839.01,,FALSE POSITIVE,FALSE POSITIVE
K07201.01,,FALSE POSITIVE,FALSE POSITIVE
K04500.02,Kepler-1610 c,CONFIRMED,CANDIDATE
K02712.01,,CANDIDATE,CONFIRMED
K00876.01,,FALSE POSITIVE,FALSE POSITIVE
K04640.01,Kepler-1618 b,CONFIRMED,CANDIDATE
K03318.01,Kepler-1915 b,CONFIRMED,CONFIRMED
K00246.01,Kepler-68 b,CONFIRMED,CONFIRMED
K03068.02,,CANDIDATE,CANDIDATE
K02927.01,,CANDIDATE,CONFIRMED
K01831.04,Kepler-324 e,CONFIRMED,CONFIRMED
K00999.01,Kepler-263 b,CONFIRMED,CONFIRMED
K07777.01,,FALSE POSITIVE,FALSE POSITIVE
K02035.01,Kepler-1066 b,CONFIRMED,CONFIRMED
K05614.01,,FALSE POSITIVE,FALSE POSITIVE
K00757.02,Kepler-229 d,CONFIRMED,CONFIRMED
K08143.01,,FALSE POSITIVE,FALSE POSITIVE
K07365.01,,FALSE POSITIVE,FALSE POSITIVE
K04376.01,,FALSE POSITIVE,FALSE POSITIVE
K04872.01,,FALSE POSITIVE,CANDIDATE
K02384.01,,CANDIDATE,FALSE POSITIVE
K01943.01,Kepler-1676 b,CONFIRMED,CONFIRMED
K07835.01,,CANDIDATE,CANDIDATE
K05810.01,,CANDIDATE,CANDIDATE
K03190.01,,CANDIDATE,CANDIDATE
K01612.01,Kepler-408 b,CONFIRMED,CANDIDATE
K01115.01,Kepler-772 b,CONFIRMED,CONFIRMED
K01884.02,,CANDIDATE,CONFIRMED
K01080.01,,FALSE POSITIVE,FALSE POSITIVE
K02103.01,Kepler-1098 b,CONFIRMED,CONFIRMED
K08221.01,,CANDIDATE,FALSE POSITIVE
K02792.01,Kepler-1349 b,CONFIRMED,CONFIRMED
K00141.01,,CANDIDATE,CONFIRMED
K02848.01,Kepler-1882 b,CONFIRMED,CONFIRMED
K06191.02,,CANDIDATE,CANDIDATE
K01902.01,,FALSE POSITIVE,CANDIDATE
K06771.01,,FALSE POSITIVE,FALSE POSITIVE
K02579.02,Kepler-1859 c,CONFIRMED,CONFIRMED
K00711.01,Kepler-218 c,CONFIRMED,CONFIRMED
K03250.01,,FALSE POSITIVE,FALSE POSITIVE
K04184.01,Kepler-1945 b,CONFIRMED,CONFIRMED
K05617.01,,FALSE POSITIVE,FALSE POSITIVE
K04695.01,,FALSE POSITIVE,FALSE POSITIVE
K04362.01,,FALSE POSITIVE,FALSE POSITIVE
K03513.01,,FALSE POSITIVE,FALSE POSITIVE
K04063.01,,FALSE POSITIVE,FALSE POSITIVE
K05855.01,,CANDIDATE,CANDIDATE
K05709.01,,FALSE POSITIVE,FALSE POSITIVE
K02972.02,,CANDIDATE,CANDIDATE
K03790.01,,FALSE POSITIVE,FALSE POSITIVE
K06818.01,,FALSE POSITIVE,FALSE POSITIVE
K00704.01,Kepler-1726 b,CONFIRMED,CONFIRMED
K00164.01,,FALSE POSITIVE,FALSE POSITIVE
K07417.01,,FALSE POSITIVE,FALSE POSITIVE
K06429.01,,FALSE POSITIVE,FALSE POSITIVE
K03739.01,,FALSE POSITIVE,FALSE POSITIVE
K07861.01,,FALSE POSITIVE,FALSE POSITIVE
K06689.01,,CANDIDATE,CANDIDATE
K02327.02,,CANDIDATE,CANDIDATE
K04795.01,,FALSE POSITIVE,FALSE POSITIVE
K04673.01,,FALSE POSITIVE,FALSE POSITIVE
K00887.01,Kepler-713 b,CONFIRMED,CONFIRMED
K03805.01,,FALSE POSITIVE,FALSE POSITIVE
K02200.01,Kepler-1138 b,CONFIRMED,CONFIRMED
K00852.01,Kepler-704 b,CONFIRMED,CONFIRMED
K02433.01,Kepler-385 c,CONFIRMED,CONFIRMED
K02765.01,,FALSE POSITIVE,FALSE POSITIVE
K02113.01,Kepler-417 c,CONFIRMED,CONFIRMED
K05615.01,,FALSE POSITIVE,FALSE POSITIVE
K02585.02,Kepler-392 c,CONFIRMED,CANDIDATE
K00019.01,,FALSE POSITIVE,FALSE POSITIVE
K02162.02,Kepler-1126 c,CONFIRMED,CONFIRMED
K04692.01,,FALSE POSITIVE,FALSE POSITIVE
K07507.01,,FALSE POSITIVE,FALSE POSITIVE
K02755.01,Kepler-1689 b,CONFIRMED,CONFIRMED
K03785.01,,FALSE POSITIVE,FALSE POSITIVE
K02508.01,,CANDIDATE,CANDIDATE
K00551.02,Kepler-183 b,CONFIRMED,CONFIRMED
K04832.01,,FALSE POSITIVE,FALSE POSITIVE
K01499.01,Kepler-865 b,CONFIRMED,CONFIRMED
K04892.01,,CANDIDATE,CANDIDATE
K07982.01,,CANDIDATE,FALSE POSITIVE
K07427.01,,CANDIDATE,CANDIDATE
K05277.01,,FALSE POSITIVE,CANDIDATE
K03284.01,Kepler-438 b,CONFIRMED,CONFIRMED
K00157.06,Kepler-11 b,CONFIRMED,CONFIRMED
K07227.01,,FALSE POSITIVE,FALSE POSITIVE
K06555.01,,FALSE POSITIVE,FALSE POSITIVE
K07674.01,,FALSE POSITIVE,FALSE POSITIVE
K07897.01,,FALSE POSITIVE,FALSE POSITIVE
K01423.01,Kepler-841 b,CONFIRMED,CONFIRMED
K05777.01,,FALSE POSITIVE,CANDIDATE
K05999.01,,FALSE POSITIVE,FALSE POSITIVE
K02369.02,,CANDIDATE,FALSE POSITIVE
K05441.01,,FALSE POSITIVE,CANDIDATE
K01295.01,,FALSE POSITIVE,FALSE POSITIVE
K01277.01,,FALSE POSITIVE,FALSE POSITIVE
K04905.01,,FALSE POSITIVE,FALSE POSITIVE
K03488.01,,FALSE POSITIVE,FALSE POSITIVE
K00601.01,Kepler-619 b,CONFIRMED,CONFIRMED
K04614.01,,CANDIDATE,CANDIDATE
K02816.01,Kepler-1355 b,CONFIRMED,CONFIRMED
K07389.01,,CANDIDATE,FALSE POSITIVE
K07626.01,,FALSE POSITIVE,FALSE POSITIVE
K00339.03,Kepler-529 d,CONFIRMED,CONFIRMED
K03398.02,Kepler-1487 c,CONFIRMED,CONFIRMED
K06733.01,,CANDIDATE,FALSE POSITIVE
K04249.01,,FALSE POSITIVE,FALSE POSITIVE
K04096.01,,FALSE POSITIVE,FALSE POSITIVE
K02543.01,Kepler-1856 b,CONFIRMED,CONFIRMED
K00048.01,,FALSE POSITIVE,FALSE POSITIVE
K00583.01,Kepler-611 b,CONFIRMED,CONFIRMED
K06860.01,,CANDIDATE,CANDIDATE
K00779.01,,FALSE POSITIVE,FALSE POSITIVE
K02930.01,,FALSE POSITIVE,FALSE POSITIVE
K07631.01,,FALSE POSITIVE,FALSE POSITIVE
K05263.01,,FALSE POSITIVE,CANDIDATE
K05633.01,,CANDIDATE,CANDIDATE
K00627.01,Kepler-625 b,CONFIRMED,CONFIRMED
K06458.01,,FALSE POSITIVE,FALSE POSITIVE
K03951.01,,FALSE POSITIVE,FALSE POSITIVE
K06280.01,,FALSE POSITIVE,FALSE POSITIVE
K06078.01,,FALSE POSITIVE,FALSE POSITIVE
K03360.01,,FALSE POSITIVE,FALSE POSITIVE
K05116.01,,FALSE POSITIVE,CANDIDATE
K06849.01,,CANDIDATE,CANDIDATE
K07616.01,,FALSE POSITIVE,FALSE POSITIVE
K05124.01,,CANDIDATE,CANDIDATE
K06168.01,,CANDIDATE,CANDIDATE
K02705.01,Kepler-1319 b,CONFIRMED,CONFIRMED
K01739.01,,CANDIDATE,FALSE POSITIVE
K00984.01,Kepler-1973 b,CONFIRMED,CONFIRMED
K04460.01,,CANDIDATE,CANDIDATE
K03819.01,,FALSE POSITIVE,FALSE POSITIVE
K01442.01,Kepler-407 b,CONFIRMED,CONFIRMED
K06714.01,,FALSE POSITIVE,FALSE POSITIVE
K08170.01,,FALSE POSITIVE,FALSE POSITIVE
K05627.01,,FALSE POSITIVE,CANDIDATE
K03271.01,Kepler-1986 b,CONFIRMED,CANDIDATE
K02063.01,Kepler-1078 b,CONFIRMED,CONFIRMED
K03677.01,,FALSE POSITIVE,FALSE POSITIVE
K03514.01,,FALSE POSITIVE,FALSE POSITIVE
K02454.01,,FALSE POSITIVE,FALSE POSITIVE
K01643.01,Kepler-919 b,CONFIRMED,CONFIRMED
K00938.03,Kepler-255 b,CONFIRMED,CONFIRMED
K00394.01,,FALSE POSITIVE,FALSE POSITIVE
K07288.01,,FALSE POSITIVE,FALSE POSITIVE
K03372.01,Kepler-1997 b,CONFIRMED,CONFIRMED
K05160.01,,CANDIDATE,FALSE POSITIVE
K03836.01,,FALSE POSITIVE,FALSE POSITIVE
K03648.01,,FALSE POSITIVE,FALSE POSITIVE
K08194.01,,FALSE POSITIVE,FALSE POSITIVE
K07209.01,,CANDIDATE,CANDIDATE
K06190.01,,FALSE POSITIVE,FALSE POSITIVE
K08021.01,,FALSE POSITIVE,FALSE POSITIVE
K02541.01,Kepler-391 b,CONFIRMED,CANDIDATE
K06793.01,,CANDIDATE,CANDIDATE
K07215.01,,CANDIDATE,CANDIDATE
K06885.01,,FALSE POSITIVE,FALSE POSITIVE
K03811.01,,CANDIDATE,CANDIDATE
K02291.01,Kepler-1817 b,CONFIRMED,CONFIRMED
K03091.01,Kepler-1903 b,CONFIRMED,CONFIRMED
K01838.01,Kepler-970 b,CONFIRMED,CONFIRMED
K05135.01,,CANDIDATE,CANDIDATE
K04355.05,,FALSE POSITIVE,FALSE POSITIVE
K03873.01,,FALSE POSITIVE,FALSE POSITIVE
K01194.03,Kepler-415 b,CONFIRMED,CANDIDATE
K08067.01,,FALSE POSITIVE,FALSE POSITIVE
K00229.01,Kepler-497 b,CONFIRMED,CONFIRMED
K07838.01,,FALSE POSITIVE,FALSE POSITIVE
K03303.01,Kepler-1461 b,CONFIRMED,CONFIRMED
K07296.01,,FALSE POSITIVE,FALSE POSITIVE
K05664.01,,FALSE POSITIVE,FALSE POSITIVE
K02573.01,,FALSE POSITIVE,FALSE POSITIVE
K01593.01,Kepler-308 b,CONFIRMED,CONFIRMED
K05817.01,,CANDIDATE,CONFIRMED
K04253.01,,CANDIDATE,CANDIDATE
K03279.01,Kepler-1914 b,CONFIRMED,CONFIRMED
K07329.01,,FALSE POSITIVE,FALSE POSITIVE
K00425.01,,FALSE POSITIVE,FALSE POSITIVE
K03152.01,,FALSE POSITIVE,FALSE POSITIVE
K07965.01,,FALSE POSITIVE,FALSE POSITIVE
K01105.01,,FALSE POSITIVE,FALSE POSITIVE
K07137.01,,FALSE POSITIVE,FALSE POSITIVE
K02813.01,,CANDIDATE,CANDIDATE
K06322.01,,FALSE POSITIVE,FALSE POSITIVE
K02093.02,,CANDIDATE,CANDIDATE
K03504.02,,CANDIDATE,FALSE POSITIVE
K06249.01,,FALSE POSITIVE,FALSE POSITIVE
K06719.01,,FALSE POSITIVE,FALSE POSITIVE
K02059.02,,CANDIDATE,CANDIDATE
K06836.01,,FALSE POSITIVE,FALSE POSITIVE
K03077.01,Kepler-1899 b,CONFIRMED,CONFIRMED
K01140.01,,FALSE POSITIVE,FALSE POSITIVE
K00431.01,Kepler-153 b,CONFIRMED,CONFIRMED
K07554.01,,CANDIDATE,CANDIDATE
K05786.01,,FALSE POSITIVE,FALSE POSITIVE
K00173.01,Kepler-481 b,CONFIRMED,CONFIRMED
K03398.03,,CANDIDATE,CONFIRMED
K04275.01,,FALSE POSITIVE,FALSE POSITIVE
K03526.01,,FALSE POSITIVE,FALSE POSITIVE
K07637.01,,FALSE POSITIVE,FALSE POSITIVE
K02422.01,Kepler-1232 b,CONFIRMED,CONFIRMED
K04120.01,,CANDIDATE,CANDIDATE
K06445.01,,FALSE POSITIVE,FALSE POSITIVE
K01102.01,Kepler-24 c,CONFIRMED,CONFIRMED
K06716.01,,FALSE POSITIVE,FALSE POSITIVE
K01325.01,Kepler-818 b,CONFIRMED,CONFIRMED
K05234.01,,FALSE POSITIVE,FALSE POSITIVE
K06508.01,,FALSE POSITIVE,FALSE POSITIVE
K05845.01,,CANDIDATE,CANDIDATE
K00880.01,Kepler-82 b,CONFIRMED,CONFIRMED
K07003.01,,CANDIDATE,CANDIDATE
K04368.02,,FALSE POSITIVE,FALSE POSITIVE
K02335.01,Kepler-1194 b,CONFIRMED,CONFIRMED
K07945.01,,FALSE POSITIVE,FALSE POSITIVE
K00861.01,Kepler-707 b,CONFIRMED,CONFIRMED
K00191.01,Kepler-487 b,CONFIRMED,CONFIRMED
K01436.03,Kepler-301 c,CONFIRMED,CONFIRMED
K05173.01,,FALSE POSITIVE,FALSE POSITIVE
K05699.01,,FALSE POSITIVE,CANDIDATE
K01230.01,,FALSE POSITIVE,CONFIRMED
K00116.02,Kepler-106 e,CONFIRMED,CONFIRMED
K04756.01,,CANDIDATE,CANDIDATE
K02521.02,Kepler-1266 c,CONFIRMED,CONFIRMED
K04866.01,,FALSE POSITIVE,FALSE POSITIVE
K03931.01,,FALSE POSITIVE,FALSE POSITIVE
K05506.01,,CANDIDATE,CANDIDATE
K07865.01,,CANDIDATE,FALSE POSITIVE
K04503.01,,CANDIDATE,CANDIDATE
K07692.01,,FALSE POSITIVE,FALSE POSITIVE
K04386.01,Kepler-1702 b,CONFIRMED,CANDIDATE
K06130.01,,CANDIDATE,CONFIRMED
K00720.01,Kepler-221 c,CONFIRMED,CONFIRMED
K07922.01,,FALSE POSITIVE,FALSE POSITIVE
K06641.01,,CANDIDATE,CANDIDATE
K04811.01,,CANDIDATE,CONFIRMED
K07218.01,,FALSE POSITIVE,FALSE POSITIVE
K01604.01,,FALSE POSITIVE,FALSE POSITIVE
K02977.02,Kepler-1398 c,CONFIRMED,CONFIRMED
K06779.01,,FALSE POSITIVE,FALSE POSITIVE
K07748.01,,FALSE POSITIVE,FALSE POSITIVE
K03670.01,,FALSE POSITIVE,FALSE POSITIVE
K01805.03,Kepler-319 b,CONFIRMED,CONFIRMED
K07919.01,,FALSE POSITIVE,FALSE POSITIVE
K03848.01,Kepler-1522 b,CONFIRMED,CONFIRMED
K06493.01,,FALSE POSITIVE,FALSE POSITIVE
K06550.01,,FALSE POSITIVE,FALSE POSITIVE
K07568.01,,FALSE POSITIVE,FALSE POSITIVE
K00017.01,Kepler-6 b,CONFIRMED,CONFIRMED
K00811.01,Kepler-687 b,CONFIRMED,CONFIRMED
K05649.01,,CANDIDATE,CANDIDATE
K01501.01,Kepler-866 b,CONFIRMED,CONFIRMED
K07292.01,,FALSE POSITIVE,FALSE POSITIVE
K03765.01,,FALSE POSITIVE,FALSE POSITIVE
K01148.02,Kepler-270 c,CONFIRMED,CONFIRMED
K00598.01,Kepler-195 b,CONFIRMED,CONFIRMED
K05244.01,,FALSE POSITIVE,CANDIDATE
K01312.01,Kepler-814 b,CONFIRMED,CONFIRMED
K05832.01,,FALSE POSITIVE,FALSE POSITIVE
K01601.02,Kepler-903 c,CONFIRMED,CONFIRMED
K06970.01,,CANDIDATE,CANDIDATE
K06191.01,,CANDIDATE,CANDIDATE
K03535.01,,FALSE POSITIVE,FALSE POSITIVE
K02602.01,Kepler-1287 b,CONFIRMED,CONFIRMED
K04781.01,,FALSE POSITIVE,FALSE POSITIVE
K00571.05,Kepler-186 f,CONFIRMED,CANDIDATE
K04172.01,,FALSE POSITIVE,FALSE POSITIVE
K03194.01,,FALSE POSITIVE,CONFIRMED
K02883.01,Kepler-1378 b,CONFIRMED,CONFIRMED
K02318.01,Kepler-1190 b,CONFIRMED,CONFIRMED
K06740.01,,FALSE POSITIVE,FALSE POSITIVE
K06996.01,,FALSE POSITIVE,FALSE POSITIVE
K01896.01,,FALSE POSITIVE,FALSE POSITIVE
K00497.01,Kepler-168 c,CONFIRMED,CONFIRMED
K00640.01,Kepler-632 b,CONFIRMED,CONFIRMED
K04107.01,,FALSE POSITIVE,FALSE POSITIVE
K00830.01,Kepler-428 b,CONFIRMED,CONFIRMED
K04479.01,,FALSE POSITIVE,FALSE POSITIVE
K00385.01,Kepler-542 b,CONFIRMED,CONFIRMED
K00133.01,,FALSE POSITIVE,FALSE POSITIVE
K07334.01,,FALSE POSITIVE,FALSE POSITIVE
K07949.01,,CANDIDATE,CANDIDATE
K00572.02,Kepler-187 b,CONFIRMED,CONFIRMED
K01862.01,Kepler-986 b,CONFIRMED,CONFIRMED
K05754.01,,FALSE POSITIVE,FALSE POSITIVE
K01059.01,Kepler-757 b,CONFIRMED,CONFIRMED
K07216.01,,FALSE POSITIVE,FALSE POSITIVE
K05099.01,,CANDIDATE,CANDIDATE
K04675.01,,FALSE POSITIVE,FALSE POSITIVE
K00729.01,,FALSE POSITIVE,FALSE POSITIVE
K06553.01,,FALSE POSITIVE,FALSE POSITIVE
